-- Listeners
INSERT INTO Listeners (ListenerID, Name) VALUES
(1, 'Alice Johnson'),
(2, 'Bob Smith'),
(3, 'Charlie Brown'),
(4, 'Dana White'),
(5, 'Eve Black'),
(6, 'Frank Green'),
(7, 'Grace Lee'),
(8, 'Hank Adams'),
(9, 'Ivy Clark'),
(10, 'Jack Hill'),
(11, 'Karen Young'),
(12, 'Liam King'),
(13, 'Mia Wright'),
(14, 'Noah Scott'),
(15, 'Olivia Wood'),
(16, 'Paul Walker'),
(17, 'Quincy Adams'),
(18, 'Rachel Adams'),
(19, 'Sam Johnson'),
(20, 'Tom Lee'),
(21, 'Uma Davis'),
(22, 'Victor Harris'),
(23, 'Wendy Martin'),
(24, 'Xander Thompson'),
(25, 'Yara Lopez'),
(26, 'Zane Parker'),
(27, 'Amy Foster'),
(28, 'Brian Stewart'),
(29, 'Chloe Ramirez'),
(30, 'David Brooks'),
(31, 'Ella Sanders'),
(32, 'Fred Baker'),
(33, 'Gina Perry'),
(34, 'Harry Murphy'),
(35, 'Isla Kelly'),
(36, 'Jake Martinez'),
(37, 'Kara Rogers'),
(38, 'Lori Reed'),
(39, 'Mike Cooper'),
(40, 'Nina Cox'),
(41, 'Oscar Daniels'),
(42, 'Penny Matthews'),
(43, 'Quentin Johnson'),
(44, 'Rita Thompson'),
(45, 'Steve Walker'),
(46, 'Tina Turner'),
(47, 'Ulysses Grant'),
(48, 'Vanessa Williams'),
(49, 'Walter White'),
(50, 'Xena Grey'),
(51, 'Yvonne Parker'),
(52, 'Zachary Bell'),
(53, 'Alicia Green'),
(54, 'Brandon Howard'),
(55, 'Cathy Lewis'),
(56, 'Derek King'),
(57, 'Erica Moore'),
(58, 'Fiona Black'),
(59, 'George Harris'),
(60, 'Holly White'),
(61, 'Irene Brown'),
(62, 'James Lee'),
(63, 'Kevin Walker'),
(64, 'Laura Adams'),
(65, 'Megan Johnson'),
(66, 'Natalie Smith'),
(67, 'Owen Thompson'),
(68, 'Paula Scott'),
(69, 'Roger Davis'),
(70, 'Sara White'),
(71, 'Timothy Green'),
(72, 'Uma Lewis'),
(73, 'Vince Clark'),
(74, 'Wendy Adams'),
(75, 'Xander King'),
(76, 'Yara Walker'),
(77, 'Zane Brown'),
(78, 'Alice Moore'),
(79, 'Bob Green'),
(80, 'Charlie White'),
(81, 'Dana Black'),
(82, 'Eve King'),
(83, 'Frank Harris'),
(84, 'Grace Adams'),
(85, 'Hank Johnson'),
(86, 'Ivy Smith'),
(87, 'Jack Lee'),
(88, 'Karen White'),
(89, 'Liam Walker'),
(90, 'Mia Green'),
(91, 'Noah Adams'),
(92, 'Olivia King'),
(93, 'Paul Harris'),
(94, 'Quincy Johnson'),
(95, 'Rachel Walker'),
(96, 'Sam White'),
(97, 'Tom King'),
(98, 'Uma Harris'),
(99, 'Victor Adams'),
(100, 'Wendy Johnson'),
(101, 'Xander Walker'),
(102, 'Yara White'),
(103, 'Zane King'),
(104, 'Amy Harris'),
(105, 'Brian Johnson'),
(106, 'Chloe Walker'),
(107, 'David White'),
(108, 'Ella King'),
(109, 'Fred Harris'),
(110, 'Gina Johnson'),
(111, 'Harry Walker'),
(112, 'Isla White'),
(113, 'Jake King'),
(114, 'Kara Harris'),
(115, 'Lori Johnson'),
(116, 'Mike Walker'),
(117, 'Nina White'),
(118, 'Oscar King'),
(119, 'Penny Harris'),
(120, 'Quentin Johnson'),
(121, 'Rita Walker'),
(122, 'Steve White'),
(123, 'Tina King'),
(124, 'Ulysses Harris'),
(125, 'Vanessa Johnson'),
(126, 'Walter Walker'),
(127, 'Xena White'),
(128, 'Yvonne King'),
(129, 'Zachary Harris'),
(130, 'Alicia Johnson'),
(131, 'Brandon Walker'),
(132, 'Cathy White'),
(133, 'Derek King'),
(134, 'Erica Harris'),
(135, 'Fiona Johnson'),
(136, 'George Walker'),
(137, 'Holly White'),
(138, 'Irene King'),
(139, 'James Harris'),
(140, 'Kevin Johnson');

-- StreamingPlatforms
INSERT INTO StreamingPlatforms (PlatformID, Name, Region) VALUES
(1, 'Spotify', 'Global'),
(2, 'Apple Music', 'Global'),
(3, 'Pandora', 'US'),
(4, 'Amazon Music', 'Global'),
(5, 'Tidal', 'Global'),
(6, 'Deezer', 'Global'),
(7, 'YouTube Music', 'Global'),
(8, 'SoundCloud', 'Global'),
(9, 'Bandcamp', 'Global'),
(10, 'Napster', 'Global');

-- SocialMediaPlatforms
INSERT INTO SocialMediaPlatforms (PlatformID, Name, Type) VALUES
(1, 'Facebook', 'Social Networking'),
(2, 'Twitter', 'Microblogging'),
(3, 'Instagram', 'Photo Sharing'),
(4, 'TikTok', 'Video Sharing'),
(5, 'LinkedIn', 'Professional Networking'),
(6, 'Snapchat', 'Photo Sharing'),
(7, 'Reddit', 'Discussion Forum'),
(8, 'Pinterest', 'Photo Sharing'),
(9, 'Tumblr', 'Microblogging'),
(10, 'WhatsApp', 'Messaging');

-- ListenerStreamingPlatforms
INSERT INTO ListenerStreamingPlatforms (ListenerID, PlatformID, UserIdentifier) VALUES
(1, 1, 'alice_spotify'),
(2, 2, 'bob_applemusic'),
(3, 3, 'charlie_pandora'),
(4, 4, 'dana_amazon'),
(5, 5, 'eve_tidal'),
(6, 1, 'frank_spotify'),
(7, 2, 'grace_applemusic'),
(8, 3, 'hank_pandora'),
(9, 4, 'ivy_amazon'),
(10, 5, 'jack_tidal'),
(11, 6, 'karen_deezer'),
(12, 7, 'liam_youtube'),
(13, 8, 'mia_soundcloud'),
(14, 9, 'noah_bandcamp'),
(15, 10, 'olivia_napster'),
(16, 1, 'paul_spotify'),
(17, 2, 'quincy_applemusic'),
(18, 3, 'rachel_pandora'),
(19, 4, 'sam_amazon'),
(20, 5, 'tom_tidal'),
(21, 6, 'uma_deezer'),
(22, 7, 'victor_youtube'),
(23, 8, 'wendy_soundcloud'),
(24, 9, 'xander_bandcamp'),
(25, 10, 'yara_napster'),
(26, 1, 'zane_spotify'),
(27, 2, 'amy_applemusic'),
(28, 3, 'brian_pandora'),
(29, 4, 'chloe_amazon'),
(30, 5, 'david_tidal'),
(31, 6, 'ella_deezer'),
(32, 7, 'fred_youtube'),
(33, 8, 'gina_soundcloud'),
(34, 9, 'harry_bandcamp'),
(35, 10, 'isla_napster'),
(36, 1, 'jake_spotify'),
(37, 2, 'kara_applemusic'),
(38, 3, 'lori_pandora'),
(39, 4, 'mike_amazon'),
(40, 5, 'nina_tidal'),
(41, 6, 'oscar_deezer'),
(42, 7, 'penny_youtube'),
(43, 8, 'quentin_soundcloud'),
(44, 9, 'rita_bandcamp'),
(45, 10, 'steve_napster'),
(46, 1, 'tina_spotify'),
(47, 2, 'ulysses_applemusic'),
(48, 3, 'vanessa_pandora'),
(49, 4, 'walter_amazon'),
(50, 5, 'xena_tidal'),
(51, 6, 'yvonne_deezer'),
(52, 7, 'zachary_youtube'),
(53, 8, 'alicia_soundcloud'),
(54, 9, 'brandon_bandcamp'),
(55, 10, 'cathy_napster'),
(56, 1, 'derek_spotify'),
(57, 2, 'erica_applemusic'),
(58, 3, 'fiona_pandora'),
(59, 4, 'george_amazon'),
(60, 5, 'holly_tidal'),
(61, 6, 'irene_deezer'),
(62, 7, 'james_youtube'),
(63, 8, 'kevin_soundcloud'),
(64, 9, 'laura_bandcamp'),
(65, 10, 'megan_napster'),
(66, 1, 'natalie_spotify'),
(67, 2, 'owen_applemusic'),
(68, 3, 'paula_pandora'),
(69, 4, 'roger_amazon'),
(70, 5, 'sara_tidal'),
(71, 6, 'timothy_deezer'),
(72, 7, 'uma_youtube'),
(73, 8, 'vince_soundcloud'),
(74, 9, 'wendy_bandcamp'),
(75, 10, 'xander_napster'),
(76, 1, 'yara_spotify'),
(77, 2, 'zane_applemusic'),
(78, 3, 'alice_pandora'),
(79, 4, 'bob_amazon'),
(80, 5, 'charlie_tidal'),
(81, 6, 'dana_deezer'),
(82, 7, 'eve_youtube'),
(83, 8, 'frank_soundcloud'),
(84, 9, 'grace_bandcamp'),
(85, 10, 'hank_napster'),
(86, 1, 'ivy_spotify'),
(87, 2, 'jack_applemusic'),
(88, 3, 'karen_pandora'),
(89, 4, 'liam_amazon'),
(90, 5, 'mia_tidal'),
(91, 6, 'noah_deezer'),
(92, 7, 'olivia_youtube'),
(93, 8, 'paul_soundcloud'),
(94, 9, 'quincy_bandcamp'),
(95, 10, 'rachel_napster'),
(96, 1, 'sam_spotify'),
(97, 2, 'tom_applemusic'),
(98, 3, 'uma_pandora'),
(99, 4, 'victor_amazon'),
(100, 5, 'wendy_tidal'),
(101, 6, 'xander_deezer'),
(102, 7, 'yara_youtube'),
(103, 8, 'zane_soundcloud'),
(104, 9, 'amy_bandcamp'),
(105, 10, 'brian_napster'),
(106, 1, 'chloe_spotify'),
(107, 2, 'david_applemusic'),
(108, 3, 'ella_pandora'),
(109, 4, 'fred_amazon'),
(110, 5, 'gina_tidal'),
(111, 6, 'harry_deezer'),
(112, 7, 'isla_youtube'),
(113, 8, 'jake_soundcloud'),
(114, 9, 'kara_bandcamp'),
(115, 10, 'lori_napster'),
(116, 1, 'mike_spotify'),
(117, 2, 'nina_applemusic'),
(118, 3, 'oscar_pandora'),
(119, 4, 'penny_amazon'),
(120, 5, 'quentin_tidal'),
(121, 6, 'rita_deezer'),
(122, 7, 'steve_youtube'),
(123, 8, 'tina_soundcloud'),
(124, 9, 'ulysses_bandcamp'),
(125, 10, 'vanessa_napster'),
(126, 1, 'walter_spotify'),
(127, 2, 'xena_applemusic'),
(128, 3, 'yvonne_pandora'),
(129, 4, 'zachary_amazon'),
(130, 5, 'alicia_tidal'),
(131, 6, 'brandon_deezer'),
(132, 7, 'cathy_youtube'),
(133, 8, 'derek_soundcloud'),
(134, 9, 'erica_bandcamp'),
(135, 10, 'fiona_napster'),
(136, 1, 'george_spotify'),
(137, 2, 'holly_applemusic'),
(138, 3, 'irene_pandora'),
(139, 4, 'james_amazon'),
(140, 5, 'kevin_tidal');

-- ListenerSocialMediaPlatforms
INSERT INTO ListenerSocialMediaPlatforms (ListenerID, PlatformID, UserIdentifier) VALUES
(1, 1, 'alice_fb'),
(2, 2, 'bob_tw'),
(3, 3, 'charlie_ig'),
(4, 4, 'dana_tt'),
(5, 5, 'eve_li'),
(6, 6, 'frank_snap'),
(7, 7, 'grace_reddit'),
(8, 8, 'hank_pinterest'),
(9, 9, 'ivy_tumblr'),
(10, 10, 'jack_whatsapp'),
(11, 1, 'karen_fb'),
(12, 2, 'liam_tw'),
(13, 3, 'mia_ig'),
(14, 4, 'noah_tt'),
(15, 5, 'olivia_li'),
(16, 6, 'paul_snap'),
(17, 7, 'quincy_reddit'),
(18, 8, 'rachel_pinterest'),
(19, 9, 'sam_tumblr'),
(20, 10, 'tom_whatsapp'),
(21, 1, 'uma_fb'),
(22, 2, 'victor_tw'),
(23, 3, 'wendy_ig'),
(24, 4, 'xander_tt'),
(25, 5, 'yara_li'),
(26, 6, 'zane_snap'),
(27, 7, 'amy_reddit'),
(28, 8, 'brian_pinterest'),
(29, 9, 'chloe_tumblr'),
(30, 10, 'david_whatsapp'),
(31, 1, 'ella_fb'),
(32, 2, 'fred_tw'),
(33, 3, 'gina_ig'),
(34, 4, 'harry_tt'),
(35, 5, 'isla_li'),
(36, 6, 'jake_snap'),
(37, 7, 'kara_reddit'),
(38, 8, 'lori_pinterest'),
(39, 9, 'mike_tumblr'),
(40, 10, 'nina_whatsapp'),
(41, 1, 'oscar_fb'),
(42, 2, 'penny_tw'),
(43, 3, 'quentin_ig'),
(44, 4, 'rita_tt'),
(45, 5, 'steve_li'),
(46, 6, 'tina_snap'),
(47, 7, 'ulysses_reddit'),
(48, 8, 'vanessa_pinterest'),
(49, 9, 'walter_tumblr'),
(50, 10, 'xena_whatsapp'),
(51, 1, 'yvonne_fb'),
(52, 2, 'zachary_tw'),
(53, 3, 'alicia_ig'),
(54, 4, 'brandon_tt'),
(55, 5, 'cathy_li'),
(56, 6, 'derek_snap'),
(57, 7, 'erica_reddit'),
(58, 8, 'fiona_pinterest'),
(59, 9, 'george_tumblr'),
(60, 10, 'holly_whatsapp'),
(61, 1, 'irene_fb'),
(62, 2, 'james_tw'),
(63, 3, 'kevin_ig'),
(64, 4, 'laura_tt'),
(65, 5, 'megan_li'),
(66, 6, 'natalie_snap'),
(67, 7, 'owen_reddit'),
(68, 8, 'paula_pinterest'),
(69, 9, 'roger_tumblr'),
(70, 10, 'sara_whatsapp'),
(71, 1, 'timothy_fb'),
(72, 2, 'uma_tw'),
(73, 3, 'vince_ig'),
(74, 4, 'wendy_tt'),
(75, 5, 'xander_li'),
(76, 6, 'yara_snap'),
(77, 7, 'zane_reddit'),
(78, 8, 'alice_pinterest'),
(79, 9, 'bob_tumblr'),
(80, 10, 'charlie_whatsapp'),
(81, 1, 'dana_fb'),
(82, 2, 'eve_tw'),
(83, 3, 'frank_ig'),
(84, 4, 'grace_tt'),
(85, 5, 'hank_li'),
(86, 6, 'ivy_snap'),
(87, 7, 'jack_reddit'),
(88, 8, 'karen_pinterest'),
(89, 9, 'liam_tumblr'),
(90, 10, 'mia_whatsapp'),
(91, 1, 'noah_fb'),
(92, 2, 'olivia_tw'),
(93, 3, 'paul_ig'),
(94, 4, 'quincy_tt'),
(95, 5, 'rachel_li'),
(96, 6, 'sam_snap'),
(97, 7, 'tom_reddit'),
(98, 8, 'uma_pinterest'),
(99, 9, 'victor_tumblr'),
(100, 10, 'wendy_whatsapp'),
(101, 1, 'xander_fb'),
(102, 2, 'yara_tw'),
(103, 3, 'zane_ig'),
(104, 4, 'amy_tt'),
(105, 5, 'brian_li'),
(106, 6, 'chloe_snap'),
(107, 7, 'david_reddit'),
(108, 8, 'ella_pinterest'),
(109, 9, 'fred_tumblr'),
(110, 10, 'gina_whatsapp'),
(111, 1, 'harry_fb'),
(112, 2, 'isla_tw'),
(113, 3, 'jake_ig'),
(114, 4, 'kara_tt'),
(115, 5, 'lori_li'),
(116, 6, 'mike_snap'),
(117, 7, 'nina_reddit'),
(118, 8, 'oscar_pinterest'),
(119, 9, 'penny_tumblr'),
(120, 10, 'quentin_whatsapp'),
(121, 1, 'rita_fb'),
(122, 2, 'steve_tw'),
(123, 3, 'tina_ig'),
(124, 4, 'ulysses_tt'),
(125, 5, 'vanessa_li'),
(126, 6, 'walter_snap'),
(127, 7, 'xena_reddit'),
(128, 8, 'yvonne_pinterest'),
(129, 9, 'zachary_tumblr'),
(130, 10, 'alicia_whatsapp'),
(131, 1, 'brandon_fb'),
(132, 2, 'cathy_tw'),
(133, 3, 'derek_ig'),
(134, 4, 'erica_tt'),
(135, 5, 'fiona_li'),
(136, 6, 'george_snap'),
(137, 7, 'holly_reddit'),
(138, 8, 'irene_pinterest'),
(139, 9, 'james_tumblr'),
(140, 10, 'kevin_whatsapp');

-- EventTypes
INSERT INTO EventTypes (TypeID, Name) VALUES
(1, 'Concert'),
(2, 'Festival'),
(3, 'Meet and Greet'),
(4, 'Workshop'),
(5, 'Seminar'),
(6, 'Competition'),
(7, 'Conference'),
(8, 'Webinar'),
(9, 'Panel Discussion'),
(10, 'Virtual Meetup');

-- Events
INSERT INTO Events (EventID, Name, Date, Location, TypeID) VALUES
(1, 'Summer Fest', '2023-07-15', 'New York', 2),
(2, 'Rock Concert', '2023-08-20', 'Los Angeles', 1),
(3, 'VIP Meet and Greet', '2023-09-10', 'Chicago', 3),
(4, 'Music Production Workshop', '2023-10-05', 'Nashville', 4),
(5, 'Songwriting Seminar', '2023-11-25', 'Austin', 5),
(6, 'Battle of the Bands', '2023-12-10', 'San Francisco', 6),
(7, 'Music Tech Conference', '2024-01-15', 'Las Vegas', 7),
(8, 'Music Business Webinar', '2024-02-20', 'Online', 8),
(9, 'Industry Panel Discussion', '2024-03-15', 'Miami', 9),
(10, 'Virtual Artist Meetup', '2024-04-10', 'Online', 10),
(11, 'Indie Music Fest', '2024-05-20', 'Portland', 2),
(12, 'Jazz and Blues Night', '2024-06-25', 'New Orleans', 1),
(13, 'Pop Stars Meet and Greet', '2024-07-30', 'Los Angeles', 3),
(14, 'Electronic Music Workshop', '2024-08-15', 'Berlin', 4),
(15, 'Classical Music Seminar', '2024-09-10', 'Vienna', 5),
(16, 'Hip Hop Competition', '2024-10-05', 'Atlanta', 6),
(17, 'World Music Conference', '2024-11-15', 'London', 7),
(18, 'Music Production Webinar', '2024-12-20', 'Online', 8),
(19, 'Rock Legends Panel', '2025-01-10', 'New York', 9),
(20, 'Virtual Songwriting Meetup', '2025-02-20', 'Online', 10);

-- Creatives
INSERT INTO Creatives (CreativeID, Name, Type) VALUES
(1, 'John Doe', 'Singer'),
(2, 'Jane Smith', 'Producer'),
(3, 'Emily White', 'Songwriter'),
(4, 'Michael Brown', 'Singer'),
(5, 'Sophia Davis', 'Producer'),
(6, 'Lucas Miller', 'Songwriter'),
(7, 'Ava Wilson', 'Designer'),
(8, 'Mason Moore', 'Designer'),
(9, 'Olivia Taylor', 'Singer'),
(10, 'Liam Anderson', 'Producer'),
(11, 'Emma Harris', 'Songwriter'),
(12, 'William Clark', 'Producer'),
(13, 'Sophia Martin', 'Singer'),
(14, 'James Lewis', 'Designer'),
(15, 'Isabella Walker', 'Songwriter'),
(16, 'Ethan Robinson', 'Producer'),
(17, 'Mia Thompson', 'Singer'),
(18, 'Noah Turner', 'Songwriter'),
(19, 'Aiden Johnson', 'Producer'),
(20, 'Lily Evans', 'Designer');

-- CreativePlatforms
INSERT INTO CreativePlatforms (CreativeID, PlatformID, UserIdentifier, PlatformType) VALUES
(1, 1, 'john_spotify', 'Streaming'),
(2, 2, 'jane_twitter', 'Social Media'),
(3, 3, 'emily_instagram', 'Social Media'),
(4, 4, 'michael_tiktok', 'Social Media'),
(5, 5, 'sophia_linkedin', 'Social Media'),
(6, 1, 'lucas_spotify', 'Streaming'),
(7, 2, 'ava_twitter', 'Social Media'),
(8, 3, 'mason_instagram', 'Social Media'),
(9, 4, 'olivia_tiktok', 'Social Media'),
(10, 5, 'liam_linkedin', 'Social Media'),
(11, 6, 'emma_snapchat', 'Social Media'),
(12, 7, 'william_reddit', 'Social Media'),
(13, 8, 'sophia_pinterest', 'Social Media'),
(14, 9, 'james_tumblr', 'Social Media'),
(15, 10, 'isabella_whatsapp', 'Social Media'),
(16, 1, 'ethan_spotify', 'Streaming'),
(17, 2, 'mia_twitter', 'Social Media'),
(18, 3, 'noah_instagram', 'Social Media'),
(19, 4, 'aiden_tiktok', 'Social Media'),
(20, 5, 'lily_linkedin', 'Social Media');

-- ContentDistribution
INSERT INTO ContentDistribution (ContentID, ContentType, PlatformID, ReleaseDate, Status, PerformanceMetrics) VALUES
(1, 'Album', 1, '2023-05-01', 'Active', '{"streams": 1000000, "likes": 50000, "shares": 10000}'),
(2, 'Song', 2, '2023-06-15', 'Upcoming', NULL),
(3, 'Album', 3, '2023-07-01', 'Removed', '{"streams": 500000, "likes": 20000, "shares": 5000}'),
(4, 'Album', 4, '2023-08-01', 'Active', '{"streams": 2000000, "likes": 100000, "shares": 20000}'),
(5, 'Song', 5, '2023-09-01', 'Upcoming', NULL),
(6, 'Album', 6, '2023-10-01', 'Active', '{"streams": 1500000, "likes": 75000, "shares": 15000}'),
(7, 'Song', 7, '2023-11-01', 'Active', '{"streams": 2500000, "likes": 125000, "shares": 25000}'),
(8, 'Album', 8, '2023-12-01', 'Active', '{"streams": 1800000, "likes": 90000, "shares": 18000}');

-- RecordingStudios
INSERT INTO RecordingStudios (StudioID, Name, Location) VALUES
(1, 'Studio A', 'New York'),
(2, 'Studio B', 'Los Angeles'),
(3, 'Studio C', 'Chicago'),
(4, 'Studio D', 'Nashville'),
(5, 'Studio E', 'Austin'),
(6, 'Studio F', 'San Francisco'),
(7, 'Studio G', 'Las Vegas'),
(8, 'Studio H', 'Miami'),
(9, 'Studio I', 'Seattle'),
(10, 'Studio J', 'Denver');

-- RecordingProjects
INSERT INTO RecordingProjects (ProjectID, Name, Date, StudioID, ProducerID, ManyProducers) VALUES
(1, 'Project Alpha', '2023-01-15', 1, 2, TRUE),
(2, 'Project Beta', '2023-02-20', 2, 2, FALSE),
(3, 'Project Gamma', '2023-03-25', 3, 2, TRUE),
(4, 'Project Delta', '2023-04-30', 4, 5, FALSE),
(5, 'Project Epsilon', '2023-05-30', 5, 10, TRUE),
(6, 'Project Zeta', '2023-06-15', 6, 12, TRUE),
(7, 'Project Eta', '2023-07-20', 7, 12, FALSE),
(8, 'Project Theta', '2023-08-25', 8, 16, TRUE),
(9, 'Project Iota', '2023-09-30', 9, 19, FALSE),
(10, 'Project Kappa', '2023-10-30', 10, 16, TRUE);

-- Albums with random names
INSERT INTO Albums (AlbumID, Name, ReleaseDate, ProjectID, DesignerID, ManyDesigners) VALUES
(1, 'Mystic Echoes', '2023-04-01', 1, 7, FALSE),
(2, 'Sunset Dreams', '2023-05-05', 2, 8, TRUE),
(3, 'Moonlit Journey', '2023-06-10', 3, NULL, FALSE),
(4, 'Electric Vibes', '2023-07-15', 4, 7, TRUE),
(5, 'Starlit Nights', '2023-08-20', 5, 8, FALSE),
(6, 'Golden Horizon', '2023-09-25', 6, 14, TRUE),
(7, 'Silver Waves', '2023-10-30', 7, 14, FALSE),
(8, 'Crystal Reflections', '2023-11-25', 8, 20, TRUE);

-- Songs with unique names
INSERT INTO Songs (SongID, Name, Length, IsStandaloneTrack) VALUES
(1, 'Mystic Melody', '00:03:45', TRUE),
(2, 'Sunset Serenade', '00:04:20', FALSE),
(3, 'Moonlit Lullaby', '00:05:00', TRUE),
(4, 'Electric Dreams', '00:04:30', FALSE),
(5, 'Starry Night', '00:03:50', TRUE),
(6, 'Golden Sunrise', '00:04:10', FALSE),
(7, 'Silver Lining', '00:05:15', TRUE),
(8, 'Crystal Clear', '00:03:55', FALSE),
(9, 'Mystic Horizon', '00:04:25', TRUE),
(10, 'Sunset Boulevard', '00:04:05', FALSE),
(11, 'Moonlit Path', '00:03:45', TRUE),
(12, 'Electric Groove', '00:04:20', FALSE),
(13, 'Starlit Journey', '00:05:00', TRUE),
(14, 'Golden Wave', '00:04:30', FALSE),
(15, 'Silver Stream', '00:03:50', TRUE),
(16, 'Crystal Sky', '00:04:10', FALSE),
(17, 'Mystic River', '00:05:15', TRUE),
(18, 'Sunset Glow', '00:03:55', FALSE),
(19, 'Moonlit Garden', '00:04:25', TRUE),
(20, 'Electric Forest', '00:04:05', FALSE),
(21, 'Starry Sky', '00:03:45', TRUE),
(22, 'Golden Horizon', '00:04:20', FALSE),
(23, 'Silver Stars', '00:05:00', TRUE),
(24, 'Crystal Dreams', '00:04:30', FALSE),
(25, 'Mystic Twilight', '00:03:50', TRUE),
(26, 'Sunset Whisper', '00:04:10', FALSE),
(27, 'Moonlit Whisper', '00:05:15', TRUE),
(28, 'Electric Ocean', '00:03:55', FALSE),
(29, 'Starry Whisper', '00:04:25', TRUE),
(30, 'Golden Forest', '00:04:05', FALSE),
(31, 'Silver Moon', '00:03:45', TRUE),
(32, 'Crystal Rain', '00:04:20', FALSE),
(33, 'Mystic Glow', '00:05:00', TRUE),
(34, 'Sunset Glow', '00:04:30', FALSE),
(35, 'Moonlit Rain', '00:03:50', TRUE),
(36, 'Electric Thunder', '00:04:10', FALSE),
(37, 'Starry Rain', '00:05:15', TRUE),
(38, 'Golden Thunder', '00:03:55', FALSE),
(39, 'Silver Rain', '00:04:25', TRUE),
(40, 'Crystal Thunder', '00:04:05', FALSE),
(41, 'Mystic Storm', '00:03:45', TRUE),
(42, 'Sunset Storm', '00:04:20', FALSE),
(43, 'Moonlit Storm', '00:05:00', TRUE),
(44, 'Electric Storm', '00:04:30', FALSE),
(45, 'Starry Storm', '00:03:50', TRUE),
(46, 'Golden Storm', '00:04:10', FALSE),
(47, 'Silver Storm', '00:05:15', TRUE),
(48, 'Crystal Storm', '00:03:55', FALSE),
(49, 'Mystic Breeze', '00:04:25', TRUE),
(50, 'Sunset Breeze', '00:04:05', FALSE),
(51, 'Moonlit Breeze', '00:03:45', TRUE),
(52, 'Electric Breeze', '00:04:20', FALSE),
(53, 'Starry Breeze', '00:05:00', TRUE),
(54, 'Golden Breeze', '00:04:30', FALSE),
(55, 'Silver Breeze', '00:03:50', TRUE),
(56, 'Crystal Breeze', '00:04:10', FALSE),
(57, 'Mystic Wind', '00:05:15', TRUE),
(58, 'Sunset Wind', '00:03:55', FALSE),
(59, 'Moonlit Wind', '00:04:25', TRUE),
(60, 'Electric Wind', '00:04:05', FALSE),
(61, 'Starry Wind', '00:03:45', TRUE),
(62, 'Golden Wind', '00:04:20', FALSE),
(63, 'Silver Wind', '00:05:00', TRUE),
(64, 'Crystal Wind', '00:04:30', FALSE),
(65, 'Mystic Light', '00:03:50', TRUE),
(66, 'Sunset Light', '00:04:10', FALSE),
(67, 'Moonlit Light', '00:05:15', TRUE),
(68, 'Electric Light', '00:03:55', FALSE),
(69, 'Starry Light', '00:04:25', TRUE),
(70, 'Golden Light', '00:04:05', FALSE),
(71, 'Silver Light', '00:03:45', TRUE),
(72, 'Crystal Light', '00:04:20', FALSE),
(73, 'Mystic Aura', '00:05:00', TRUE);

-- SongAlbums
INSERT INTO SongAlbums (ContentID, ContentType, AssociatedContentID, AssociatedContentType, TrackNumber) VALUES
(1, 'Song', 1, 'Album', 1),
(2, 'Song', 1, 'Album', 2),
(3, 'Song', 1, 'Album', 3),
(4, 'Song', 1, 'Album', 4),
(5, 'Song', 1, 'Album', 5),
(6, 'Song', 1, 'Album', 6),
(7, 'Song', 1, 'Album', 7),
(8, 'Song', 1, 'Album', 8),
(9, 'Song', 2, 'Album', 1),
(10, 'Song', 2, 'Album', 2),
(11, 'Song', 2, 'Album', 3),
(12, 'Song', 2, 'Album', 4),
(13, 'Song', 2, 'Album', 5),
(14, 'Song', 2, 'Album', 6),
(15, 'Song', 2, 'Album', 7),
(16, 'Song', 2, 'Album', 8),
(17, 'Song', 3, 'Album', 1),
(18, 'Song', 3, 'Album', 2),
(19, 'Song', 3, 'Album', 3),
(20, 'Song', 3, 'Album', 4),
(21, 'Song', 3, 'Album', 5),
(22, 'Song', 3, 'Album', 6),
(23, 'Song', 3, 'Album', 7),
(24, 'Song', 3, 'Album', 8),
(25, 'Song', 4, 'Album', 1),
(26, 'Song', 4, 'Album', 2),
(27, 'Song', 4, 'Album', 3),
(28, 'Song', 4, 'Album', 4),
(29, 'Song', 4, 'Album', 5),
(30, 'Song', 4, 'Album', 6),
(31, 'Song', 4, 'Album', 7),
(32, 'Song', 4, 'Album', 8),
(33, 'Song', 5, 'Album', 1),
(34, 'Song', 5, 'Album', 2),
(35, 'Song', 5, 'Album', 3),
(36, 'Song', 5, 'Album', 4),
(37, 'Song', 5, 'Album', 5),
(38, 'Song', 5, 'Album', 6),
(39, 'Song', 5, 'Album', 7),
(40, 'Song', 5, 'Album', 8),
(41, 'Song', 6, 'Album', 1),
(42, 'Song', 6, 'Album', 2),
(43, 'Song', 6, 'Album', 3),
(44, 'Song', 6, 'Album', 4),
(45, 'Song', 6, 'Album', 5),
(46, 'Song', 6, 'Album', 6),
(47, 'Song', 6, 'Album', 7),
(48, 'Song', 6, 'Album', 8),
(49, 'Song', 7, 'Album', 1),
(50, 'Song', 7, 'Album', 2),
(51, 'Song', 7, 'Album', 3),
(52, 'Song', 7, 'Album', 4),
(53, 'Song', 7, 'Album', 5),
(54, 'Song', 7, 'Album', 6),
(55, 'Song', 7, 'Album', 7),
(56, 'Song', 7, 'Album', 8),
(57, 'Song', 8, 'Album', 1),
(58, 'Song', 8, 'Album', 2),
(59, 'Song', 8, 'Album', 3),
(60, 'Song', 8, 'Album', 4),
(61, 'Song', 8, 'Album', 5),
(62, 'Song', 8, 'Album', 6),
(63, 'Song', 8, 'Album', 7),
(64, 'Song', 8, 'Album', 8),
(65, 'Song', 9, 'Album', 1),
(66, 'Song', 9, 'Album', 2),
(67, 'Song', 9, 'Album', 3),
(68, 'Song', 9, 'Album', 4),
(69, 'Song', 9, 'Album', 5),
(70, 'Song', 9, 'Album', 6),
(71, 'Song', 9, 'Album', 7),
(72, 'Song', 9, 'Album', 8),
(73, 'Song', 10, 'Album', 1);

-- SongWriters
INSERT INTO SongWriters (SongID, SongwriterID) VALUES
(1, 3),
(2, 3),
(3, 3),
(4, 6),
(5, 6),
(6, 15),
(7, 11),
(8, 18),
(9, 11),
(10, 15),
(11, 3),
(12, 3),
(13, 3),
(14, 6),
(15, 6),
(16, 15),
(17, 11),
(18, 18),
(19, 11),
(20, 15),
(21, 3),
(22, 3),
(23, 3),
(24, 6),
(25, 6),
(26, 15),
(27, 11),
(28, 18),
(29, 11),
(30, 15),
(31, 3),
(32, 3),
(33, 3),
(34, 6),
(35, 6),
(36, 15),
(37, 11),
(38, 18),
(39, 11),
(40, 15),
(41, 3),
(42, 3),
(43, 3),
(44, 6),
(45, 6),
(46, 15),
(47, 11),
(48, 18),
(49, 11),
(50, 15),
(51, 3),
(52, 3),
(53, 3),
(54, 6),
(55, 6),
(56, 15),
(57, 11),
(58, 18),
(59, 11),
(60, 15),
(61, 3),
(62, 3),
(63, 3),
(64, 6),
(65, 6),
(66, 15),
(67, 11),
(68, 18),
(69, 11),
(70, 15),
(71, 3),
(72, 3),
(73, 3);

-- Performances
INSERT INTO Performances (PerformanceID, Name, Date, Location, EventID, IsImpromptu) VALUES
(1, 'Performance One', '2023-07-15', 'New York', 1, FALSE),
(2, 'Performance Two', '2023-08-20', 'Los Angeles', 2, TRUE),
(3, 'Performance Three', '2023-09-10', 'Chicago', 3, FALSE),
(4, 'Performance Four', '2023-10-05', 'Nashville', 4, TRUE),
(5, 'Performance Five', '2023-11-25', 'Austin', 5, FALSE),
(6, 'Performance Six', '2023-12-10', 'San Francisco', 6, TRUE),
(7, 'Performance Seven', '2024-01-15', 'Las Vegas', 7, FALSE),
(8, 'Performance Eight', '2024-02-20', 'Online', 8, TRUE),
(9, 'Performance Nine', '2024-03-15', 'Miami', 9, FALSE),
(10, 'Performance Ten', '2024-04-10', 'Online', 10, TRUE),
(11, 'Performance Eleven', '2024-05-20', 'Portland', 11, FALSE),
(12, 'Performance Twelve', '2024-06-25', 'New Orleans', 12, TRUE),
(13, 'Performance Thirteen', '2024-07-30', 'Los Angeles', 13, FALSE),
(14, 'Performance Fourteen', '2024-08-15', 'Berlin', 14, TRUE),
(15, 'Performance Fifteen', '2024-09-10', 'Vienna', 15, FALSE),
(16, 'Performance Sixteen', '2024-10-05', 'Atlanta', 16, TRUE),
(17, 'Performance Seventeen', '2024-11-15', 'London', 17, FALSE),
(18, 'Performance Eighteen', '2024-12-20', 'Online', 18, TRUE),
(19, 'Performance Nineteen', '2025-01-10', 'New York', 19, FALSE),
(20, 'Performance Twenty', '2025-02-20', 'Online', 20, TRUE);

-- CreativePerformances
INSERT INTO CreativePerformances (CreativeID, PerformanceID) VALUES
(1, 1),
(2, 2),
(3, 3),
(4, 4),
(5, 5),
(6, 6),
(7, 7),
(8, 8),
(9, 9),
(10, 10),
(11, 1),
(12, 2),
(13, 3),
(14, 4),
(15, 5),
(16, 6),
(17, 7),
(18, 8),
(19, 9),
(20, 10),
(1, 11),
(2, 12),
(3, 13),
(4, 14),
(5, 15),
(6, 16),
(7, 17),
(8, 18),
(9, 19),
(10, 20);

-- CreativeEventManagement
INSERT INTO CreativeEventManagement (CreativeID, EventID, Role, IsPrimaryManager) VALUES
(1, 1, 'Manager', TRUE),
(2, 2, 'Coordinator', FALSE),
(3, 3, 'Director', TRUE),
(4, 4, 'Organizer', FALSE),
(5, 5, 'Manager', TRUE),
(6, 6, 'Coordinator', FALSE),
(7, 7, 'Director', TRUE),
(8, 8, 'Organizer', FALSE),
(9, 9, 'Manager', TRUE),
(10, 10, 'Coordinator', FALSE),
(11, 1, 'Director', TRUE),
(12, 2, 'Organizer', FALSE),
(13, 3, 'Manager', TRUE),
(14, 4, 'Coordinator', FALSE),
(15, 5, 'Director', TRUE),
(16, 6, 'Organizer', FALSE),
(17, 7, 'Manager', TRUE),
(18, 8, 'Coordinator', FALSE),
(19, 9, 'Director', TRUE),
(20, 10, 'Organizer', FALSE);

-- ListenerPreferences
INSERT INTO ListenerPreferences (ListenerID, CreativeID, EngagementScore) VALUES
(1, 1, 85),
(2, 2, 90),
(3, 3, 75),
(4, 4, 80),
(5, 5, 95),
(6, 6, 70),
(7, 7, 60),
(8, 8, 65),
(9, 9, 50),
(10, 10, 55),
(11, 11, 85),
(12, 12, 90),
(13, 13, 75),
(14, 14, 80),
(15, 15, 95),
(16, 16, 70),
(17, 17, 60),
(18, 18, 65),
(19, 19, 50),
(20, 20, 55),
(21, 1, 75),
(22, 2, 80),
(23, 3, 85),
(24, 4, 90),
(25, 5, 95),
(26, 6, 70),
(27, 7, 65),
(28, 8, 60),
(29, 9, 55),
(30, 10, 50),
(31, 11, 85),
(32, 12, 90),
(33, 13, 75),
(34, 14, 80),
(35, 15, 95),
(36, 16, 70),
(37, 17, 65),
(38, 18, 60),
(39, 19, 55),
(40, 20, 50),
(41, 1, 85),
(42, 2, 90),
(43, 3, 75),
(44, 4, 80),
(45, 5, 95),
(46, 6, 70),
(47, 7, 60),
(48, 8, 65),
(49, 9, 50),
(50, 10, 55),
(51, 11, 85),
(52, 12, 90),
(53, 13, 75),
(54, 14, 80),
(55, 15, 95),
(56, 16, 70),
(57, 17, 60),
(58, 18, 65),
(59, 19, 50),
(60, 20, 55),
(61, 1, 75),
(62, 2, 80),
(63, 3, 85),
(64, 4, 90),
(65, 5, 95),
(66, 6, 70),
(67, 7, 65),
(68, 8, 60),
(69, 9, 55),
(70, 10, 50),
(71, 11, 85),
(72, 12, 90),
(73, 13, 75),
(74, 14, 80),
(75, 15, 95),
(76, 16, 70),
(77, 17, 65),
(78, 18, 60),
(79, 19, 55),
(80, 20, 50),
(81, 1, 85),
(82, 2, 90),
(83, 3, 75),
(84, 4, 80),
(85, 5, 95),
(86, 6, 70),
(87, 7, 60),
(88, 8, 65),
(89, 9, 50),
(90, 10, 55),
(91, 11, 85),
(92, 12, 90),
(93, 13, 75),
(94, 14, 80),
(95, 15, 95),
(96, 16, 70),
(97, 17, 60),
(98, 18, 65),
(99, 19, 50),
(100, 20, 55),
(101, 1, 75),
(102, 2, 80),
(103, 3, 85),
(104, 4, 90),
(105, 5, 95),
(106, 6, 70),
(107, 7, 65),
(108, 8, 60),
(109, 9, 55),
(110, 10, 50),
(111, 11, 85),
(112, 12, 90),
(113, 13, 75),
(114, 14, 80),
(115, 15, 95),
(116, 16, 70),
(117, 17, 65),
(118, 18, 60),
(119, 19, 55),
(120, 20, 50);