-- Disable foreign key checks to avoid constraint errors during insertion
SET FOREIGN_KEY_CHECKS = 0;

-- Truncate all tables to remove existing data
TRUNCATE TABLE Demographics;
TRUNCATE TABLE StreamingPlatforms;
TRUNCATE TABLE SocialMediaPlatforms;
TRUNCATE TABLE Listeners;
TRUNCATE TABLE ListenerPlatforms;
TRUNCATE TABLE Stream;
TRUNCATE TABLE EngagementMetrics;
TRUNCATE TABLE Events;
TRUNCATE TABLE EventTypes;
TRUNCATE TABLE Creatives;
TRUNCATE TABLE CreativePlatforms;
TRUNCATE TABLE ContentDistribution;
TRUNCATE TABLE RecordingProjects;
TRUNCATE TABLE RecordingStudios;
TRUNCATE TABLE Albums;
TRUNCATE TABLE Songs;
TRUNCATE TABLE SongWriters;
TRUNCATE TABLE Performances;
TRUNCATE TABLE CreativePerformances;
TRUNCATE TABLE CreativeEventManagement;
TRUNCATE TABLE ListenerPreferences;
TRUNCATE TABLE Collaborations;
TRUNCATE TABLE SongAlbums;


-- Re-enable foreign key checks
SET FOREIGN_KEY_CHECKS = 1;


-- Demographics
INSERT INTO Demographics (demographicsID, demographicInfo) VALUES
(1, '18-24, Male, Urban'),
(2, '18-24, Female, Urban'),
(3, '18-24, Non-binary, Urban'),
(4, '18-24, Male, Suburban'),
(5, '18-24, Female, Suburban'),
(6, '18-24, Non-binary, Suburban'),
(7, '18-24, Male, Rural'),
(8, '18-24, Female, Rural'),
(9, '18-24, Non-binary, Rural'),
(10, '25-34, Male, Urban'),
(11, '25-34, Female, Urban'),
(12, '25-34, Non-binary, Urban'),
(13, '25-34, Male, Suburban'),
(14, '25-34, Female, Suburban'),
(15, '25-34, Non-binary, Suburban'),
(16, '25-34, Male, Rural'),
(17, '25-34, Female, Rural'),
(18, '25-34, Non-binary, Rural'),
(19, '35-44, Male, Urban'),
(20, '35-44, Female, Urban'),
(21, '35-44, Non-binary, Urban'),
(22, '35-44, Male, Suburban'),
(23, '35-44, Female, Suburban'),
(24, '35-44, Non-binary, Suburban'),
(25, '35-44, Male, Rural'),
(26, '35-44, Female, Rural'),
(27, '35-44, Non-binary, Rural'),
(28, '45-54, Male, Urban'),
(29, '45-54, Female, Urban'),
(30, '45-54, Non-binary, Urban'),
(31, '45-54, Male, Suburban'),
(32, '45-54, Female, Suburban'),
(33, '45-54, Non-binary, Suburban'),
(34, '45-54, Male, Rural'),
(35, '45-54, Female, Rural'),
(36, '45-54, Non-binary, Rural');



-- StreamingPlatforms
INSERT INTO StreamingPlatforms (platformID, platformName, platformRegion) VALUES
(1, 'Spotify', 'Global'),
(2, 'Apple Music', 'Global'),
(3, 'Tidal', 'US'),
(4, 'Amazon Music', 'Global'),
(5, 'YouTube Music', 'Global');

-- SocialMediaPlatforms
INSERT INTO SocialMediaPlatforms (platformID, platformName, platformType) VALUES
(1, 'Instagram', 'Photo Sharing'),
(2, 'TikTok', 'Short-form Video'),
(3, 'X', 'Microblogging'),
(4, 'Facebook', 'Social Networking'),
(5, 'YouTube', 'Video Sharing');



-- EventTypes (additional entries)
INSERT INTO EventTypes (eventTypeID, eventTypeName) VALUES
(1, 'Festival'),
(2, 'Album Launch'),
(3, 'Charity Event'),
(4, 'Interview'),
(5, 'Fan Event'),
(6, 'Awards Show'),
(7, 'Music Video Shoot'),
(8, 'Songwriting Camp'),
(9, 'Industry Conference'),
(10, 'Brand Partnership Event');



-- Events (20 entries)
INSERT INTO Events (eventID, eventName, eventDate, eventLocation, eventTypeID) VALUES
(1, 'Coachella Music Festival', '2024-04-12', 'Indio, California', 1),
(2, '"Echoes of Tomorrow" Album Launch', '2024-05-01', 'The Roxy, Los Angeles', 2),
(3, 'Global Citizen Festival', '2024-09-23', 'Central Park, New York', 3),
(4, 'Breakfast Show Interview', '2024-06-15', 'BBC Radio 1, London', 4),
(5, 'VIP Meet and Greet Experience', '2024-07-10', 'O2 Arena, London', 5),
(6, 'Glastonbury Festival', '2024-06-26', 'Pilton, Somerset, UK', 1),
(7, 'Acoustic EP Listening Party', '2024-08-05', 'Soho House, New York', 2),
(8, 'Music Cares Benefit Concert', '2024-02-02', 'Staples Center, Los Angeles', 3),
(9, 'Late Night Talk Show Appearance', '2024-09-10', 'NBC Studios, New York', 4),
(10, 'Record Store Day Performance', '2024-04-20', 'Amoeba Music, Hollywood', 5),
(11, 'Lollapalooza', '2024-08-01', 'Grant Park, Chicago', 1),
(12, 'Virtual Reality Concert Experience Launch', '2024-10-15', 'Online Event', 2),
(13, 'Stand Up for Heroes', '2024-11-07', 'Madison Square Garden, New York', 3),
(14, 'Podcast Guest Appearance', '2024-03-22', 'Spotify Studios, Los Angeles', 4),
(15, 'Fan Club Exclusive Party', '2024-12-01', 'Secret Location, Nashville', 5),
(16, 'Bonnaroo Music and Arts Festival', '2024-06-13', 'Manchester, Tennessee', 1),
(17, 'Surprise Pop-Up Show', '2024-07-04', 'Washington Square Park, New York', 2),
(18, 'Rock in Rio', '2024-09-27', 'Rio de Janeiro, Brazil', 1),
(19, 'Music Video Behind-the-Scenes Livestream', '2024-05-30', 'YouTube Space, London', 4),
(20, 'Holiday Special Recording', '2024-12-10', 'ABC Studios, New York', 4);


-- RecordingStudios (10 entries)
INSERT INTO RecordingStudios (recordingStudioID, studioName, studioLocation) VALUES
(1, 'Sunset Sound', 'Los Angeles, CA'),
(2, 'Abbey Road Studios', 'London, UK'),
(3, 'Electric Lady Studios', 'New York, NY'),
(4, 'Blackbird Studio', 'Nashville, TN'),
(5, 'Henson Recording Studios', 'Los Angeles, CA'),
(6, 'Metropolis Studios', 'London, UK'),
(7, 'Jungle City Studios', 'New York, NY'),
(8, 'Wisseloord Studios', 'Hilversum, Netherlands'),
(9, 'The Village', 'Los Angeles, CA'),
(10, 'Greenhouse Studios', 'Reykjavik, Iceland');


-- Listeners (1 to 1000)
INSERT INTO Listeners (listenerID, listenerName, listenerDemographicsID) VALUES
(1, 'Emma Thompson', 2),
(2, 'Liam O''Connor', 10),
(3, 'Zoe Chen', 15),
(4, 'Sophia Patel', 20),
(5, 'Noah Kim', 4),
(6, 'Olivia Rodriguez', 11),
(7, 'Ethan Nguyen', 19),
(8, 'Ava Müller', 3),
(9, 'Mason Singh', 13),
(10, 'Isabella Johnson', 26),
(11, 'Lucas Garcia', 5),
(12, 'Amelia Davis', 12),
(13, 'Ella Martinez', 22),
(14, 'James Wilson', 28),
(15, 'Mia Anderson', 17),
(16, 'Oliver Smith', 24),
(17, 'Charlotte Thomas', 30),
(18, 'Benjamin Martin', 9),
(19, 'Evelyn White', 19),
(20, 'Jack Clark', 14),
(21, 'Emma Taylor', 1),
(22, 'Liam Walker', 12),
(23, 'Sophia Baker', 21),
(24, 'Lucas Turner', 29),
(25, 'Chloe Phillips', 16),
(26, 'Jackson Evans', 23),
(27, 'Olivia Lee', 6),
(28, 'Aiden Hill', 31),
(29, 'Harper Scott', 18),
(30, 'Ethan Moore', 33),
(31, 'Grace Young', 7),
(32, 'Samuel Perez', 11),
(33, 'Scarlett Bennett', 25),
(34, 'Henry Reed', 27),
(35, 'Lily Fisher', 8),
(36, 'Daniel Foster', 14),
(37, 'Ella Cox', 21),
(38, 'Mason Price', 32),
(39, 'Avery Hughes', 4),
(40, 'Jackson Rivera', 10),
(41, 'Sofia Morgan', 13),
(42, 'Dylan Ross', 22),
(43, 'Grace Richardson', 31),
(44, 'Leo Powell', 2),
(45, 'Victoria Cook', 16),
(46, 'Ella Cooper', 28),
(47, 'Luke Murphy', 5),
(48, 'Hannah Howard', 17),
(49, 'Matthew Wright', 20),
(50, 'Chloe Baker', 12),
(51, 'Kaito Nakamura', 30),
(52, 'Priya Singh', 3),
(53, 'Carlos Silva', 22),
(54, 'Aisha Khan', 6),
(55, 'Chen Wei', 11),
(56, 'Lara Dubois', 15),
(57, 'Mateo Fernandez', 26),
(58, 'Fatima Yusuf', 9),
(59, 'Santiago Morales', 18),
(60, 'Aya Tanaka', 27),
(61, 'Zain Malik', 13),
(62, 'Anika Sharma', 8),
(63, 'Ravi Patel', 21),
(64, 'Ines Lopez', 31),
(65, 'Kai Lee', 7),
(66, 'Nia Roberts', 4),
(67, 'Ahmad Hassan', 17),
(68, 'Lucia Rossi', 25),
(69, 'Omar Ali', 19),
(70, 'Jin Park', 2),
(71, 'Nia Williams', 29),
(72, 'Diego Rojas', 14),
(73, 'Sofia Ferreira', 10),
(74, 'Akira Takahashi', 23),
(75, 'Maya Gupta', 16),
(76, 'Hugo Mendes', 5),
(77, 'Amina Suleiman', 28),
(78, 'Isaac Brown', 24),
(79, 'Layla Ahmed', 12),
(80, 'Finn Andersen', 20),
(81, 'Zara Khan', 30),
(82, 'Yusuf Patel', 3),
(83, 'Hana Suzuki', 22),
(84, 'Mei Ling', 6),
(85, 'Ravi Nair', 11),
(86, 'Leila Moreno', 15),
(87, 'Mohammed Al-Farsi', 26),
(88, 'Sienna Evans', 9),
(89, 'Nikolai Ivanov', 18),
(90, 'Maria Petrova', 27),
(91, 'Alexei Volkov', 13),
(92, 'Elena Popescu', 8),
(93, 'Rafael Silva', 21),
(94, 'Clara Svensson', 31),
(95, 'Ali Hassan', 7),
(96, 'Emily Johansson', 4),
(97, 'Jun Chen', 17),
(98, 'Lea Dupont', 25),
(99, 'Raul Garcia', 19),
(100, 'Nadia Karim', 2),
(101, 'Yuki Ito', 29),
(102, 'Natalia Nowak', 14),
(103, 'Amir Saeed', 10),
(104, 'Lina Schmidt', 23),
(105, 'Javier Cruz', 16),
(106, 'Samira Bashir', 5),
(107, 'Marius Hansen', 28),
(108, 'Keira Walsh', 24),
(109, 'Enzo Romano', 12),
(110, 'Sara Svensson', 20),
(111, 'Ana Costa', 30),
(112, 'Arjun Mehta', 3),
(113, 'Julia Jensen', 22),
(114, 'Fatou Diop', 6),
(115, 'Miguel Alvarez', 11),
(116, 'Anita Reddy', 15),
(117, 'Stefan Weber', 26),
(118, 'Rina Nakamura', 9),
(119, 'Mateusz Kowalski', 18),
(120, 'Gabriel Fernandez', 27),
(121, 'Isabel Gonzalez', 13),
(122, 'Nina Novak', 8),
(123, 'Mohammad Rahman', 21),
(124, 'Sophie Schneider', 31),
(125, 'Hassan Omar', 7),
(126, 'Ella Roberts', 4),
(127, 'Fahim Ali', 17),
(128, 'Maya Fischer', 25),
(129, 'Andrei Popescu', 19),
(130, 'Farah Youssef', 2),
(131, 'Kenta Yoshida', 29),
(132, 'Anastasia Ivanova', 14),
(133, 'Rami Ahmed', 10),
(134, 'Isabelle Martin', 23),
(135, 'Oscar Diaz', 16),
(136, 'Linnea Olsson', 5),
(137, 'Victor Ribeiro', 28),
(138, 'Chloe Wilson', 24),
(139, 'Liam Brown', 12),
(140, 'Mira El-Sayed', 20),
(141, 'Khalid Khan', 30),
(142, 'Lara Smith', 3),
(143, 'Levi Cohen', 22),
(144, 'Ayumi Tanaka', 6),
(145, 'Anton Petrov', 11),
(146, 'Maria Costa', 15),
(147, 'Hassan Abbas', 26),
(148, 'Anjali Kumar', 9),
(149, 'Yara Suleiman', 18),
(150, 'Sebastian Müller', 27),
(151, 'Isla Turner', 13),
(152, 'Haruki Yamada', 8),
(153, 'Alejandro Vargas', 21),
(154, 'Sofia Hansen', 31),
(155, 'Omar Al-Hassan', 7),
(156, 'Lucie Bertrand', 4),
(157, 'Zane Smith', 17),
(158, 'Anisa Abdi', 25),
(159, 'Kamil Kowalski', 19),
(160, 'Kiara Williams', 2),
(161, 'Renato Lima', 29),
(162, 'Aya Nakamura', 14),
(163, 'Basma El-Badawi', 10),
(164, 'Johan Andersson', 23),
(165, 'Elina Kaur', 16),
(166, 'Junaid Qureshi', 5),
(167, 'Aline Dupont', 28),
(168, 'Nils Johansson', 24),
(169, 'Aria Chen', 12),
(170, 'Mateo Cruz', 20),
(171, 'Layla Ahmed', 30),
(172, 'Kaito Yamamoto', 3),
(173, 'Fatima Siddiqui', 22),
(174, 'Ivan Volkov', 6),
(175, 'Luisa Morales', 11),
(176, 'Salma Bashir', 15),
(177, 'Amine Bouchard', 26),
(178, 'Nadia Jovanovic', 9),
(179, 'Henrik Olsen', 18),
(180, 'Elise Tremblay', 27),
(181, 'Omar Farouk', 13),
(182, 'Nadia Radic', 8),
(183, 'Sergio Alvarez', 21),
(184, 'Mia Schmidt', 31),
(185, 'Rayan El-Khatib', 7),
(186, 'Chloé Moreau', 4),
(187, 'Adnan Malik', 17),
(188, 'Ingrid Svensson', 25),
(189, 'Mateus Costa', 19),
(190, 'Aisha Ali', 2),
(191, 'Hideki Matsumoto', 29),
(192, 'Klara Muller', 14),
(193, 'Omar Hossain', 10),
(194, 'Natalia Vasileva', 23),
(195, 'Sofia Weber', 16),
(196, 'Musa Abdullahi', 5),
(197, 'Théo Lefevre', 28),
(198, 'Nina Jensen', 24),
(199, 'Luca Romano', 12),
(200, 'Sara Larsson', 20),
(201, 'Femi Adesina', 30),
(202, 'Mai Nguyen', 3),
(203, 'Amira Ismail', 22),
(204, 'Joaquin Martinez', 6),
(205, 'Anna Nowak', 11),
(206, 'Yasmine Khaled', 15),
(207, 'Mahmoud Azizi', 26),
(208, 'Ines Mendes', 9),
(209, 'Rami Haddad', 18),
(210, 'Noah Dubois', 27),
(211, 'Sofia Dimitrova', 13),
(212, 'Leila Youssef', 8),
(213, 'Pedro Fernandez', 21),
(214, 'Isla Roberts', 31),
(215, 'Tariq Ali', 7),
(216, 'Amelie Schneider', 4),
(217, 'Marwan Hussein', 17),
(218, 'Camila Gomez', 25),
(219, 'Jan Novak', 19),
(220, 'Ava Thompson', 2),
(221, 'Mohammad Latif', 29),
(222, 'Rana El-Sheikh', 14),
(223, 'Sam Wang', 10),
(224, 'Adelina Popescu', 23),
(225, 'Aisha Rahman', 16),
(226, 'Lukas Mueller', 5),
(227, 'Imani Zuberi', 28),
(228, 'Emil Jensen', 24),
(229, 'Zara Hussain', 12),
(230, 'Ali Mustafa', 20),
(231, 'Leila Silva', 30),
(232, 'Takeshi Sato', 3),
(233, 'Yasmin Dey', 22),
(234, 'Erik Andersson', 6),
(235, 'Lara Nassar', 11),
(236, 'Amit Kumar', 15),
(237, 'Sahar Mostafa', 26),
(238, 'Niklas Lindgren', 9),
(239, 'Tania Duarte', 18),
(240, 'Ivan Ivanov', 27),
(241, 'Hana Tanaka', 13),
(242, 'Sofia Petrova', 8),
(243, 'Zain Zafar', 21),
(244, 'Elise Müller', 31),
(245, 'Farid Nasser', 7),
(246, 'Emma Wilson', 4),
(247, 'Jafar Khan', 17),
(248, 'Linnea Sandberg', 25),
(249, 'Mustafa Ali', 19),
(250, 'Salma Ibrahim', 2),
(251, 'Keiko Yamashita', 29),
(252, 'Lukas Schmidt', 14),
(253, 'Omar Rahman', 10),
(254, 'Yuliya Zhukova', 23),
(255, 'Dina Mansour', 16),
(256, 'Ibrahim Suleiman', 5),
(257, 'Elsa Andersen', 28),
(258, 'Lucas Moreira', 24),
(259, 'Zara Mahmood', 12),
(260, 'Alyssa Wilson', 20),
(261, 'Rami Awad', 30),
(262, 'Yuki Mori', 3),
(263, 'Layla Hasan', 22),
(264, 'Emil Johansson', 6),
(265, 'Alia Kamal', 11),
(266, 'Yusuf Ali', 15),
(267, 'Elena Popov', 26),
(268, 'Hana Suzuki', 9),
(269, 'Nadir Khan', 18),
(270, 'Ingrid Berg', 27),
(271, 'Mateus Silva', 13),
(272, 'Anika Malik', 8),
(273, 'Javier Ramos', 21),
(274, 'Nina Fischer', 31),
(275, 'Amir Al-Masri', 7),
(276, 'Sophie Müller', 4),
(277, 'Tarek El-Masry', 17),
(278, 'Lucia Fernandez', 25),
(279, 'Viktor Johansson', 19),
(280, 'Hiba Hassan', 2),
(281, 'Niko Tanaka', 29),
(282, 'Lina Schmidt', 14),
(283, 'Rami Hossain', 10),
(284, 'Isabel Silva', 23),
(285, 'Aisha Rahim', 16),
(286, 'Stefan Weber', 5),
(287, 'Anisa Naser', 28),
(288, 'Andrei Petrov', 24),
(289, 'Amelie Dubois', 12),
(290, 'Rafael Martins', 20),
(291, 'Lena Schmidt', 30),
(292, 'Mei Chen', 3),
(293, 'Fatima Nasser', 22),
(294, 'Johan Svensson', 6),
(295, 'Mariam Awad', 11),
(296, 'Leila Jaber', 15),
(297, 'Maxime Lefevre', 26),
(298, 'Yu Suzuki', 9),
(299, 'Ahmed Khan', 18),
(300, 'Sara Berg', 27),
(301, 'Lucia Rossi', 13),
(302, 'Nina Weber', 8),
(303, 'Hassan Mustafa', 21),
(304, 'Sophie Andersen', 31),
(305, 'Akira Yamada', 7),
(306, 'Chloé Martin', 4),
(307, 'Rania Said', 17),
(308, 'Linnea Karlsson', 25),
(309, 'Adnan Abdullah', 19),
(310, 'Kiran Mehta', 2),
(311, 'Luca Romano', 29),
(312, 'Emma Johansson', 14),
(313, 'Nadir Qureshi', 10),
(314, 'Nadia Vasileva', 23),
(315, 'Amara Khan', 16),
(316, 'Tobias Jensen', 5),
(317, 'Yara Ibrahim', 28),
(318, 'Ahmed Said', 24),
(319, 'Sofia Silva', 12),
(320, 'Liam Thompson', 20),
(321, 'Lina Müller', 30),
(322, 'Ren Zhang', 3),
(323, 'Sami Hassan', 22),
(324, 'Ingrid Olsen', 6),
(325, 'Amina Yusuf', 11),
(326, 'Jens Berg', 15),
(327, 'Zara Mohammed', 26),
(328, 'Felipe Mendes', 9),
(329, 'Ali Bashir', 18),
(330, 'Nina Weber', 27),
(331, 'Mateo Gonzalez', 13),
(332, 'Elena Petrova', 8),
(333, 'Rahim Khan', 21),
(334, 'Emma Svensson', 31),
(335, 'Hiroshi Tanaka', 7),
(336, 'Sara Martin', 4),
(337, 'Nadia Rahim', 17),
(338, 'Amelie Lund', 25),
(339, 'Mohammed Ali', 19),
(340, 'Aisha Khatib', 2),
(341, 'Daisuke Yamamoto', 29),
(342, 'Lina Andersson', 14),
(343, 'Omar Rahman', 10),
(344, 'Lena Petrova', 23),
(345, 'Ava Wilson', 16),
(346, 'Maximilian Weber', 5),
(347, 'Aya Nasser', 28),
(348, 'Yusuf Abdullah', 24),
(349, 'Elise Schmidt', 12),
(350, 'Carlos Cruz', 20),
(351, 'Maria Svensson', 30),
(352, 'Minami Tanaka', 3),
(353, 'Rania Hasan', 22),
(354, 'Jonas Lindgren', 6),
(355, 'Alya Zayed', 11),
(356, 'Mustafa Khalid', 15),
(357, 'Elena Ivanova', 26),
(358, 'Lea Müller', 9),
(359, 'Rahim Syed', 18),
(360, 'Julia Berg', 27),
(361, 'Ahmed Al-Mansour', 13),
(362, 'Ines Moreira', 8),
(363, 'Sophie Schneider', 21),
(364, 'Takeshi Yamashita', 31),
(365, 'Nadia Karlsson', 7),
(366, 'Sara Müller', 4),
(367, 'Ayman Ibrahim', 17),
(368, 'Amelie Svensson', 25),
(369, 'Viktor Petrov', 19),
(370, 'Fatima Youssef', 2),
(371, 'Kazuki Sato', 29),
(372, 'Linnea Johansson', 14),
(373, 'Tariq Malik', 10),
(374, 'Natalia Popova', 23),
(375, 'Ava Johnson', 16),
(376, 'Elias Hansen', 5),
(377, 'Salma Rashid', 28),
(378, 'Rami Ali', 24),
(379, 'Alyssa Martin', 12),
(380, 'Renata Costa', 20),
(381, 'Sara Muller', 30),
(382, 'Jiro Takahashi', 3),
(383, 'Amani Nasser', 22),
(384, 'Emil Svensson', 6),
(385, 'Leila Al-Farsi', 11),
(386, 'Jamal Hussein', 15),
(387, 'Elena Ivanov', 26),
(388, 'Liam Muller', 9),
(389, 'Ayaan Rahman', 18),
(390, 'Ingrid Weber', 27),
(391, 'Carlos Silva', 13),
(392, 'Amina Mohamed', 8),
(393, 'Sofia Jensen', 21),
(394, 'Haruto Tanaka', 31),
(395, 'Elina Lind', 7),
(396, 'Max Martin', 4),
(397, 'Yasir Ali', 17),
(398, 'Lena Jensen', 25),
(399, 'Mustafa Rahim', 19),
(400, 'Aisha Al-Farsi', 2),
(401, 'Takahiro Yamamoto', 29),
(402, 'Anna Svensson', 14),
(403, 'Nadia Khan', 10),
(404, 'Lina Schmidt', 23),
(405, 'Leo Jensen', 16),
(406, 'Miriam Weber', 5),
(407, 'Zain Malik', 28),
(408, 'Hanna Eriksson', 24),
(409, 'Ali Hossain', 12),
(410, 'Sara Weber', 20),
(411, 'Kenta Sato', 30),
(412, 'Sami Nasser', 3),
(413, 'Aysha Zayed', 22),
(414, 'Lars Berg', 6),
(415, 'Sahar Ali', 11),
(416, 'Elias Weber', 15),
(417, 'Rana Khoury', 26),
(418, 'Liam Schmidt', 9),
(419, 'Amara Kaur', 18),
(420, 'Jens Olsson', 27),
(421, 'Salim Khan', 13),
(422, 'Yara Zayed', 8),
(423, 'Ana Svensson', 21),
(424, 'Daisuke Suzuki', 31),
(425, 'Ava Schmidt', 7),
(426, 'Mats Andersson', 4),
(427, 'Tariq Ahmed', 17),
(428, 'Ines Karlsson', 25),
(429, 'Ahmad Zaid', 19),
(430, 'Amina Al-Farsi', 2),
(431, 'Hiroshi Sato', 29),
(432, 'Sofia Müller', 14),
(433, 'Rami Hossain', 10),
(434, 'Nadia Ali', 23),
(435, 'Amara Schmidt', 16),
(436, 'Stefan Eriksson', 5),
(437, 'Lina Nasser', 28),
(438, 'Niko Petrov', 24),
(439, 'Zara Wilson', 12),
(440, 'Amelie Svensson', 20),
(441, 'Minoru Yamamoto', 30),
(442, 'Jana Zayed', 3),
(443, 'Sami Khan', 22),
(444, 'Linnea Andersson', 6),
(445, 'Ali Nasser', 11),
(446, 'Nina Weber', 15),
(447, 'Mira Petrov', 26),
(448, 'Lucas Schmidt', 9),
(449, 'Rana Al-Farsi', 18),
(450, 'Ingrid Svensson', 27),
(451, 'Hassan Ali', 13),
(452, 'Emma Müller', 8),
(453, 'Alyssa Weber', 21),
(454, 'Kaito Sato', 31),
(455, 'Sara Johansson', 7),
(456, 'Max Eriksson', 4),
(457, 'Sofia Ali', 17),
(458, 'Mina Schmidt', 25),
(459, 'Yara Khan', 19),
(460, 'Aisha Al-Mansour', 2),
(461, 'Takashi Tanaka', 29),
(462, 'Ella Berg', 14),
(463, 'Niko Hossain', 10),
(464, 'Elena Weber', 23),
(465, 'Ava Schmidt', 16),
(466, 'Ali Nasser', 5),
(467, 'Sana Khalid', 28),
(468, 'Hassan Youssef', 24),
(469, 'Emma Schmidt', 12),
(470, 'Amelie Svensson', 20),
(471, 'Kaito Nakamura', 30),
(472, 'Sami Hossain', 3),
(473, 'Yara Zayed', 22),
(474, 'Linnea Schmidt', 6),
(475, 'Mohammad Ali', 11),
(476, 'Rami Weber', 15),
(477, 'Ingrid Svensson', 26),
(478, 'Lina Müller', 9),
(479, 'Ali Nasser', 18),
(480, 'Sara Weber', 27),
(481, 'Takashi Yamamoto', 13),
(482, 'Amina Khan', 8),
(483, 'Sami Schmidt', 21),
(484, 'Liam Andersson', 31),
(485, 'Ava Zayed', 7),
(486, 'Max Weber', 4),
(487, 'Nadia Hossain', 17),
(488, 'Emma Schmidt', 25),
(489, 'Ali Nasser', 19),
(490, 'Sahar Ali', 2),
(491, 'Kaito Tanaka', 29),
(492, 'Mira Schmidt', 14),
(493, 'Sami Hossain', 10),
(494, 'Lina Weber', 23),
(495, 'Amara Schmidt', 16),
(496, 'Mohammad Nasser', 5),
(497, 'Yara Khalid', 28),
(498, 'Rami Youssef', 24),
(499, 'Emma Schmidt', 12),
(500, 'Alyssa Svensson', 20),
(501, 'Kazuki Yamamoto', 30),
(502, 'Niko Ali', 3),
(503, 'Rana Zayed', 22),
(504, 'Linnea Weber', 6),
(505, 'Ali Hossain', 11),
(506, 'Sami Weber', 15),
(507, 'Ines Schmidt', 26),
(508, 'Liam Svensson', 9),
(509, 'Amina Nasser', 18),
(510, 'Sahar Weber', 27),
(511, 'Kenta Tanaka', 13),
(512, 'Yara Khan', 8),
(513, 'Mina Weber', 21),
(514, 'Emma Schmidt', 31),
(515, 'Ali Nasser', 7),
(516, 'Sami Schmidt', 4),
(517, 'Nadia Hossain', 17),
(518, 'Amara Svensson', 25),
(519, 'Hassan Ali', 19),
(520, 'Sofia Weber', 2),
(521, 'Takeshi Yamamoto', 29),
(522, 'Lina Schmidt', 14),
(523, 'Rami Hossain', 10),
(524, 'Ava Weber', 23),
(525, 'Ali Nasser', 16),
(526, 'Sara Svensson', 5),
(527, 'Yara Khalid', 28),
(528, 'Emma Youssef', 24),
(529, 'Sami Schmidt', 12),
(530, 'Linnea Svensson', 20),
(531, 'Takahiro Tanaka', 30),
(532, 'Ali Hossain', 3),
(533, 'Rana Zayed', 22),
(534, 'Mina Weber', 6),
(535, 'Mohammad Ali', 11),
(536, 'Sahar Weber', 15),
(537, 'Ines Schmidt', 26),
(538, 'Amina Svensson', 9),
(539, 'Ali Nasser', 18),
(540, 'Emma Weber', 27),
(541, 'Kazuki Yamamoto', 13),
(542, 'Yara Khan', 8),
(543, 'Sami Schmidt', 21),
(544, 'Liam Weber', 31),
(545, 'Alyssa Svensson', 7),
(546, 'Niko Schmidt', 4),
(547, 'Sahar Hossain', 17),
(548, 'Amara Weber', 25),
(549, 'Ali Nasser', 19),
(550, 'Rami Ali', 2),
(551, 'Takashi Tanaka', 29),
(552, 'Linnea Schmidt', 14),
(553, 'Mohammad Hossain', 10),
(554, 'Emma Weber', 23),
(555, 'Ava Nasser', 16),
(556, 'Sofia Svensson', 5),
(557, 'Yara Khalid', 28),
(558, 'Sami Youssef', 24),
(559, 'Ali Schmidt', 12),
(560, 'Ines Weber', 20),
(561, 'Hiroshi Yamamoto', 30),
(562, 'Sahar Ali', 3),
(563, 'Rana Zayed', 22),
(564, 'Mina Weber', 6),
(565, 'Ali Hossain', 11),
(566, 'Sami Weber', 15),
(567, 'Emma Schmidt', 26),
(568, 'Lina Svensson', 9),
(569, 'Ali Nasser', 18),
(570, 'Sahar Weber', 27),
(571, 'Kenta Tanaka', 13),
(572, 'Yara Khan', 8),
(573, 'Mina Schmidt', 21),
(574, 'Alyssa Weber', 31),
(575, 'Ali Nasser', 7),
(576, 'Sami Schmidt', 4),
(577, 'Nadia Hossain', 17),
(578, 'Amara Weber', 25),
(579, 'Hassan Ali', 19),
(580, 'Emma Weber', 2),
(581, 'Takeshi Yamamoto', 29),
(582, 'Linnea Schmidt', 14),
(583, 'Rami Hossain', 10),
(584, 'Ava Weber', 23),
(585, 'Ali Nasser', 16),
(586, 'Sara Svensson', 5),
(587, 'Yara Khalid', 28),
(588, 'Emma Youssef', 24),
(589, 'Sami Schmidt', 12),
(590, 'Linnea Svensson', 20),
(591, 'Takahiro Tanaka', 30),
(592, 'Ali Hossain', 3),
(593, 'Rana Zayed', 22),
(594, 'Mina Weber', 6),
(595, 'Mohammad Ali', 11),
(596, 'Sahar Weber', 15),
(597, 'Ines Schmidt', 26),
(598, 'Amina Svensson', 9),
(599, 'Ali Nasser', 18),
(600, 'Emma Weber', 27),
(601, 'Kazuki Yamamoto', 13),
(602, 'Yara Khan', 8),
(603, 'Sami Schmidt', 21),
(604, 'Liam Weber', 31),
(605, 'Alyssa Svensson', 7),
(606, 'Niko Schmidt', 4),
(607, 'Sahar Hossain', 17),
(608, 'Amara Weber', 25),
(609, 'Ali Nasser', 19),
(610, 'Rami Ali', 2),
(611, 'Takashi Tanaka', 29),
(612, 'Linnea Schmidt', 14),
(613, 'Mohammad Hossain', 10),
(614, 'Emma Weber', 23),
(615, 'Ava Nasser', 16),
(616, 'Sofia Svensson', 5),
(617, 'Yara Khalid', 28),
(618, 'Sami Youssef', 24),
(619, 'Ali Schmidt', 12),
(620, 'Ines Weber', 20),
(621, 'Hiroshi Yamamoto', 30),
(622, 'Sahar Ali', 3),
(623, 'Rana Zayed', 22),
(624, 'Mina Weber', 6),
(625, 'Ali Hossain', 11),
(626, 'Sami Weber', 15),
(627, 'Emma Schmidt', 26),
(628, 'Lina Svensson', 9),
(629, 'Ali Nasser', 18),
(630, 'Sahar Weber', 27),
(631, 'Kenta Tanaka', 13),
(632, 'Yara Khan', 8),
(633, 'Mina Schmidt', 21),
(634, 'Alyssa Weber', 31),
(635, 'Ali Nasser', 7),
(636, 'Sami Schmidt', 4),
(637, 'Nadia Hossain', 17),
(638, 'Amara Weber', 25),
(639, 'Hassan Ali', 19),
(640, 'Emma Weber', 2),
(641, 'Takeshi Yamamoto', 29),
(642, 'Linnea Schmidt', 14),
(643, 'Rami Hossain', 10),
(644, 'Ava Weber', 23),
(645, 'Ali Nasser', 16),
(646, 'Sara Svensson', 5),
(647, 'Yara Khalid', 28),
(648, 'Emma Youssef', 24),
(649, 'Sami Schmidt', 12),
(650, 'Linnea Svensson', 20),
(651, 'Takahiro Tanaka', 30),
(652, 'Ali Hossain', 3),
(653, 'Rana Zayed', 22),
(654, 'Mina Weber', 6),
(655, 'Mohammad Ali', 11),
(656, 'Sahar Weber', 15),
(657, 'Ines Schmidt', 26),
(658, 'Amina Svensson', 9),
(659, 'Ali Nasser', 18),
(660, 'Emma Weber', 27),
(661, 'Kazuki Yamamoto', 13),
(662, 'Yara Khan', 8),
(663, 'Sami Schmidt', 21),
(664, 'Liam Weber', 31),
(665, 'Alyssa Svensson', 7),
(666, 'Niko Schmidt', 4),
(667, 'Sahar Hossain', 17),
(668, 'Amara Weber', 25),
(669, 'Ali Nasser', 19),
(670, 'Rami Ali', 2),
(671, 'Takashi Tanaka', 29),
(672, 'Linnea Schmidt', 14),
(673, 'Mohammad Hossain', 10),
(674, 'Emma Weber', 23),
(675, 'Ava Nasser', 16),
(676, 'Sofia Svensson', 5),
(677, 'Yara Khalid', 28),
(678, 'Sami Youssef', 24),
(679, 'Ali Schmidt', 12),
(680, 'Ines Weber', 20),
(681, 'Hiroshi Yamamoto', 30),
(682, 'Sahar Ali', 3),
(683, 'Rana Zayed', 22),
(684, 'Mina Weber', 6),
(685, 'Ali Hossain', 11),
(686, 'Sami Weber', 15),
(687, 'Emma Schmidt', 26),
(688, 'Lina Svensson', 9),
(689, 'Ali Nasser', 18),
(690, 'Sahar Weber', 27),
(691, 'Kenta Tanaka', 13),
(692, 'Yara Khan', 8),
(693, 'Mina Schmidt', 21),
(694, 'Alyssa Weber', 31),
(695, 'Ali Nasser', 7),
(696, 'Sami Schmidt', 4),
(697, 'Nadia Hossain', 17),
(698, 'Amara Weber', 25),
(699, 'Hassan Ali', 19),
(700, 'Emma Weber', 2),
(701, 'Takeshi Yamamoto', 29),
(702, 'Linnea Schmidt', 14),
(703, 'Rami Hossain', 10),
(704, 'Ava Weber', 23),
(705, 'Ali Nasser', 16),
(706, 'Sara Svensson', 5),
(707, 'Yara Khalid', 28),
(708, 'Emma Youssef', 24),
(709, 'Sami Schmidt', 12),
(710, 'Linnea Svensson', 20),
(711, 'Takahiro Tanaka', 30),
(712, 'Ali Hossain', 3),
(713, 'Rana Zayed', 22),
(714, 'Mina Weber', 6),
(715, 'Mohammad Ali', 11),
(716, 'Sahar Weber', 15),
(717, 'Ines Schmidt', 26),
(718, 'Amina Svensson', 9),
(719, 'Ali Nasser', 18),
(720, 'Emma Weber', 27),
(721, 'Kazuki Yamamoto', 13),
(722, 'Yara Khan', 8),
(723, 'Sami Schmidt', 21),
(724, 'Liam Weber', 31),
(725, 'Alyssa Svensson', 7),
(726, 'Niko Schmidt', 4),
(727, 'Sahar Hossain', 17),
(728, 'Amara Weber', 25),
(729, 'Ali Nasser', 19),
(730, 'Rami Ali', 2),
(731, 'Takashi Tanaka', 29),
(732, 'Linnea Schmidt', 14),
(733, 'Mohammad Hossain', 10),
(734, 'Emma Weber', 23),
(735, 'Ava Nasser', 16),
(736, 'Sofia Svensson', 5),
(737, 'Yara Khalid', 28),
(738, 'Sami Youssef', 24),
(739, 'Ali Schmidt', 12),
(740, 'Ines Weber', 20),
(741, 'Hiroshi Yamamoto', 30),
(742, 'Sahar Ali', 3),
(743, 'Rana Zayed', 22),
(744, 'Mina Weber', 6),
(745, 'Ali Hossain', 11),
(746, 'Sami Weber', 15),
(747, 'Emma Schmidt', 26),
(748, 'Lina Svensson', 9),
(749, 'Ali Nasser', 18),
(750, 'Sahar Weber', 27),
(751, 'Kenta Tanaka', 13),
(752, 'Yara Khan', 8),
(753, 'Mina Schmidt', 21),
(754, 'Alyssa Weber', 31),
(755, 'Ali Nasser', 7),
(756, 'Sami Schmidt', 4),
(757, 'Nadia Hossain', 17),
(758, 'Amara Weber', 25),
(759, 'Hassan Ali', 19),
(760, 'Emma Weber', 2),
(761, 'Takeshi Yamamoto', 29),
(762, 'Linnea Schmidt', 14),
(763, 'Rami Hossain', 10),
(764, 'Ava Weber', 23),
(765, 'Ali Nasser', 16),
(766, 'Sara Svensson', 5),
(767, 'Yara Khalid', 28),
(768, 'Emma Youssef', 24),
(769, 'Sami Schmidt', 12),
(770, 'Linnea Svensson', 20),
(771, 'Takahiro Tanaka', 30),
(772, 'Ali Hossain', 3),
(773, 'Rana Zayed', 22),
(774, 'Mina Weber', 6),
(775, 'Mohammad Ali', 11),
(776, 'Sahar Weber', 15),
(777, 'Ines Schmidt', 26),
(778, 'Amina Svensson', 9),
(779, 'Ali Nasser', 18),
(780, 'Emma Weber', 27),
(781, 'Kazuki Yamamoto', 13),
(782, 'Yara Khan', 8),
(783, 'Sami Schmidt', 21),
(784, 'Liam Weber', 31),
(785, 'Alyssa Svensson', 7),
(786, 'Niko Schmidt', 4),
(787, 'Sahar Hossain', 17),
(788, 'Amara Weber', 25),
(789, 'Ali Nasser', 19),
(790, 'Rami Ali', 2),
(791, 'Takashi Tanaka', 29),
(792, 'Linnea Schmidt', 14),
(793, 'Mohammad Hossain', 10),
(794, 'Emma Weber', 23),
(795, 'Ava Nasser', 16),
(796, 'Sofia Svensson', 5),
(797, 'Yara Khalid', 28),
(798, 'Sami Youssef', 24),
(799, 'Ali Schmidt', 12),
(800, 'Ines Weber', 20),
(801, 'Hiroshi Yamamoto', 30),
(802, 'Sahar Ali', 3),
(803, 'Rana Zayed', 22),
(804, 'Mina Weber', 6),
(805, 'Ali Hossain', 11),
(806, 'Sami Weber', 15),
(807, 'Emma Schmidt', 26),
(808, 'Lina Svensson', 9),
(809, 'Ali Nasser', 18),
(810, 'Sahar Weber', 27),
(811, 'Kenta Tanaka', 13),
(812, 'Yara Khan', 8),
(813, 'Mina Schmidt', 21),
(814, 'Alyssa Weber', 31),
(815, 'Ali Nasser', 7),
(816, 'Sami Schmidt', 4),
(817, 'Nadia Hossain', 17),
(818, 'Amara Weber', 25),
(819, 'Hassan Ali', 19),
(820, 'Emma Weber', 2),
(821, 'Takeshi Yamamoto', 29),
(822, 'Linnea Schmidt', 14),
(823, 'Rami Hossain', 10),
(824, 'Ava Weber', 23),
(825, 'Ali Nasser', 16),
(826, 'Sara Svensson', 5),
(827, 'Yara Khalid', 28),
(828, 'Emma Youssef', 24),
(829, 'Sami Schmidt', 12),
(830, 'Linnea Svensson', 20),
(831, 'Takahiro Tanaka', 30),
(832, 'Ali Hossain', 3),
(833, 'Rana Zayed', 22),
(834, 'Mina Weber', 6),
(835, 'Mohammad Ali', 11),
(836, 'Sahar Weber', 15),
(837, 'Ines Schmidt', 26),
(838, 'Amina Svensson', 9),
(839, 'Ali Nasser', 18),
(840, 'Emma Weber', 27),
(841, 'Kazuki Yamamoto', 13),
(842, 'Yara Khan', 8),
(843, 'Sami Schmidt', 21),
(844, 'Liam Weber', 31),
(845, 'Alyssa Svensson', 7),
(846, 'Niko Schmidt', 4),
(847, 'Sahar Hossain', 17),
(848, 'Amara Weber', 25),
(849, 'Ali Nasser', 19),
(850, 'Rami Ali', 2),
(851, 'Takashi Tanaka', 29),
(852, 'Linnea Schmidt', 14),
(853, 'Mohammad Hossain', 10),
(854, 'Emma Weber', 23),
(855, 'Ava Nasser', 16),
(856, 'Sofia Svensson', 5),
(857, 'Yara Khalid', 28),
(858, 'Sami Youssef', 24),
(859, 'Ali Schmidt', 12),
(860, 'Ines Weber', 20),
(861, 'Hiroshi Yamamoto', 30),
(862, 'Sahar Ali', 3),
(863, 'Rana Zayed', 22),
(864, 'Mina Weber', 6),
(865, 'Ali Hossain', 11),
(866, 'Sami Weber', 15),
(867, 'Emma Schmidt', 26),
(868, 'Lina Svensson', 9),
(869, 'Ali Nasser', 18),
(870, 'Sahar Weber', 27),
(871, 'Kenta Tanaka', 13),
(872, 'Yara Khan', 8),
(873, 'Mina Schmidt', 21),
(874, 'Alyssa Weber', 31),
(875, 'Ali Nasser', 7),
(876, 'Sami Schmidt', 4),
(877, 'Nadia Hossain', 17),
(878, 'Amara Weber', 25),
(879, 'Hassan Ali', 19),
(880, 'Emma Weber', 2),
(881, 'Takeshi Yamamoto', 29),
(882, 'Linnea Schmidt', 14),
(883, 'Rami Hossain', 10),
(884, 'Ava Weber', 23),
(885, 'Ali Nasser', 16),
(886, 'Sara Svensson', 5),
(887, 'Yara Khalid', 28),
(888, 'Emma Youssef', 24),
(889, 'Sami Schmidt', 12),
(890, 'Linnea Svensson', 20),
(891, 'Takahiro Tanaka', 30),
(892, 'Ali Hossain', 3),
(893, 'Rana Zayed', 22),
(894, 'Mina Weber', 6),
(895, 'Mohammad Ali', 11),
(896, 'Sahar Weber', 15),
(897, 'Ines Schmidt', 26),
(898, 'Amina Svensson', 9),
(899, 'Ali Nasser', 18),
(900, 'Emma Weber', 27),
(901, 'Kazuki Yamamoto', 13),
(902, 'Yara Khan', 8),
(903, 'Sami Schmidt', 21),
(904, 'Liam Weber', 31),
(905, 'Alyssa Svensson', 7),
(906, 'Niko Schmidt', 4),
(907, 'Sahar Hossain', 17),
(908, 'Amara Weber', 25),
(909, 'Ali Nasser', 19),
(910, 'Rami Ali', 2),
(911, 'Takashi Tanaka', 29),
(912, 'Linnea Schmidt', 14),
(913, 'Mohammad Hossain', 10),
(914, 'Emma Weber', 23),
(915, 'Ava Nasser', 16),
(916, 'Sofia Svensson', 5),
(917, 'Yara Khalid', 28),
(918, 'Sami Youssef', 24),
(919, 'Ali Schmidt', 12),
(920, 'Ines Weber', 20),
(921, 'Hiroshi Yamamoto', 30),
(922, 'Sahar Ali', 3),
(923, 'Rana Zayed', 22),
(924, 'Mina Weber', 6),
(925, 'Ali Hossain', 11),
(926, 'Sami Weber', 15),
(927, 'Emma Schmidt', 26),
(928, 'Lina Svensson', 9),
(929, 'Ali Nasser', 18),
(930, 'Sahar Weber', 27),
(931, 'Kenta Tanaka', 13),
(932, 'Yara Khan', 8),
(933, 'Mina Schmidt', 21),
(934, 'Alyssa Weber', 31),
(935, 'Ali Nasser', 7),
(936, 'Sami Schmidt', 4),
(937, 'Nadia Hossain', 17),
(938, 'Amara Weber', 25),
(939, 'Hassan Ali', 19),
(940, 'Emma Weber', 2),
(941, 'Takeshi Yamamoto', 29),
(942, 'Linnea Schmidt', 14),
(943, 'Rami Hossain', 10),
(944, 'Ava Weber', 23),
(945, 'Ali Nasser', 16),
(946, 'Sara Svensson', 5),
(947, 'Yara Khalid', 28),
(948, 'Emma Youssef', 24),
(949, 'Sami Schmidt', 12),
(950, 'Linnea Svensson', 20),
(951, 'Takahiro Tanaka', 30),
(952, 'Ali Hossain', 3),
(953, 'Rana Zayed', 22),
(954, 'Mina Weber', 6),
(955, 'Mohammad Ali', 11),
(956, 'Sahar Weber', 15),
(957, 'Ines Schmidt', 26),
(958, 'Amina Svensson', 9),
(959, 'Ali Nasser', 18),
(960, 'Emma Weber', 27),
(961, 'Kazuki Yamamoto', 13),
(962, 'Yara Khan', 8),
(963, 'Sami Schmidt', 21),
(964, 'Liam Weber', 31),
(965, 'Alyssa Svensson', 7),
(966, 'Niko Schmidt', 4),
(967, 'Sahar Hossain', 17),
(968, 'Amara Weber', 25),
(969, 'Ali Nasser', 19),
(970, 'Rami Ali', 2),
(971, 'Takashi Tanaka', 29),
(972, 'Linnea Schmidt', 14),
(973, 'Mohammad Hossain', 10),
(974, 'Emma Weber', 23),
(975, 'Ava Nasser', 16),
(976, 'Sofia Svensson', 5),
(977, 'Yara Khalid', 28),
(978, 'Sami Youssef', 24),
(979, 'Ali Schmidt', 12),
(980, 'Ines Weber', 20),
(981, 'Hiroshi Yamamoto', 30),
(982, 'Sahar Ali', 3),
(983, 'Rana Zayed', 22),
(984, 'Mina Weber', 6),
(985, 'Ali Hossain', 11),
(986, 'Sami Weber', 15),
(987, 'Emma Schmidt', 26),
(988, 'Lina Svensson', 9),
(989, 'Ali Nasser', 18),
(990, 'Sahar Weber', 27),
(991, 'Kenta Tanaka', 13),
(992, 'Yara Khan', 8),
(993, 'Mina Schmidt', 21),
(994, 'Alyssa Weber', 31),
(995, 'Ali Nasser', 7),
(996, 'Sami Schmidt', 4),
(997, 'Nadia Hossain', 17),
(998, 'Amara Weber', 25),
(999, 'Hassan Ali', 19),
(1000, 'Emma Weber', 2);


-- ListenerPlatforms (1 to 2000)
INSERT INTO ListenerPlatforms (listenerID, platformID, userIdentifier, platformType) VALUES
(1, 1, 'emma_thompson_spotify', 'Streaming'),
(1, 2, 'emma.thompson.insta', 'Social Media'),
(2, 2, 'liam_oc_apple', 'Streaming'),
(2, 2, 'liam_tiktok', 'Social Media'),
(3, 3, 'zoe_chen_tidal', 'Streaming'),
(3, 3, 'zoechen', 'Social Media'),
(4, 4, 'sophia_p_amazon', 'Streaming'),
(4, 4, 'sophia.patel.fb', 'Social Media'),
(5, 5, 'noah_kim_ytmusic', 'Streaming'),
(5, 5, 'noahkim_youtube', 'Social Media'),
(6, 4, 'olivia_rodriguez_amazon', 'Streaming'),
(6, 4, 'olivia.r_music', 'Social Media'),
(7, 1, 'ethan_nguyen_spotify', 'Streaming'),
(7, 3, 'ethan.nguyen', 'Social Media'),
(8, 2, 'ava_mueller_apple', 'Streaming'),
(8, 2, 'avamueller', 'Social Media'),
(9, 1, 'mason_singh_spotify', 'Streaming'),
(9, 3, 'mason.singh.x', 'Social Media'),
(10, 5, 'isabella_johnson_ytmusic', 'Streaming'),
(10, 5, 'isabellaj_fb', 'Social Media'),
(11, 4, 'lucas_garcia_amazon', 'Streaming'),
(11, 1, 'lucas.g.music', 'Social Media'),
(12, 2, 'amelia_davis_apple', 'Streaming'),
(12, 5, 'amelia_d_yt', 'Social Media'),
(13, 3, 'ella_martinez_tidal', 'Streaming'),
(13, 4, 'ella.m_designs', 'Social Media'),
(14, 1, 'james_wilson_spotify', 'Streaming'),
(14, 2, 'jamesw_tiktok', 'Social Media'),
(15, 5, 'mia_anderson_ytmusic', 'Streaming'),
(15, 3, 'mia.andersonx', 'Social Media'),
(16, 2, 'oliver_smith_apple', 'Streaming'),
(16, 1, 'oliver_s.official', 'Social Media'),
(17, 4, 'charlotte_thomas_amazon', 'Streaming'),
(17, 4, 'charlotte.t_artist', 'Social Media'),
(18, 1, 'benjamin_martin_spotify', 'Streaming'),
(18, 5, 'benmartin_yt', 'Social Media'),
(19, 3, 'evelyn_white_tidal', 'Streaming'),
(19, 2, 'evelyn_white_tk', 'Social Media'),
(20, 5, 'jack_clark_ytmusic', 'Streaming'),
(20, 1, 'jack.c_music', 'Social Media'),
(21, 3, 'emma_taylor_tidal', 'Streaming'),
(21, 4, 'emma.t_insta', 'Social Media'),
(22, 1, 'liam_walker_spotify', 'Streaming'),
(22, 3, 'liam.w_tiktok', 'Social Media'),
(23, 2, 'sophia_baker_apple', 'Streaming'),
(23, 5, 'sophia.baker.fb', 'Social Media'),
(24, 4, 'lucas_turner_amazon', 'Streaming'),
(24, 1, 'lucas.turner.music', 'Social Media'),
(25, 1, 'chloe_phillips_spotify', 'Streaming'),
(25, 2, 'chloe.p.music', 'Social Media'),
(26, 5, 'jackson_evans_ytmusic', 'Streaming'),
(26, 4, 'jackson.e_yt', 'Social Media'),
(27, 2, 'olivia_lee_apple', 'Streaming'),
(27, 1, 'olivia.lee.x', 'Social Media'),
(28, 3, 'aiden_hill_tidal', 'Streaming'),
(28, 5, 'aiden.hill_fb', 'Social Media'),
(29, 1, 'harper_scott_spotify', 'Streaming'),
(29, 3, 'harper.scott.ig', 'Social Media'),
(30, 4, 'ethan_moore_amazon', 'Streaming'),
(30, 2, 'ethan.m_yt', 'Social Media'),
(31, 1, 'grace_young_spotify', 'Streaming'),
(31, 2, 'grace_y_music', 'Social Media'),
(32, 5, 'samuel_perez_ytmusic', 'Streaming'),
(32, 4, 'samuel.p_ig', 'Social Media'),
(33, 3, 'scarlett_bennett_tidal', 'Streaming'),
(33, 1, 'scarlett.b_fb', 'Social Media'),
(34, 2, 'henry_reed_apple', 'Streaming'),
(34, 3, 'henry.r_tiktok', 'Social Media'),
(35, 4, 'lily_fisher_amazon', 'Streaming'),
(35, 5, 'lily.f_music', 'Social Media'),
(36, 1, 'daniel_foster_spotify', 'Streaming'),
(36, 2, 'daniel.f_fb', 'Social Media'),
(37, 3, 'ella_cox_tidal', 'Streaming'),
(37, 4, 'ella.c_ig', 'Social Media'),
(38, 5, 'mason_price_ytmusic', 'Streaming'),
(38, 1, 'mason.p_tiktok', 'Social Media'),
(39, 2, 'avery_hughes_apple', 'Streaming'),
(39, 3, 'avery.h_music', 'Social Media'),
(40, 4, 'jackson_rivera_amazon', 'Streaming'),
(40, 5, 'jackson.r_fb', 'Social Media'),
(41, 5, 'sofia_morgan_ytmusic', 'Streaming'),
(41, 2, 'sofia.m_ig', 'Social Media'),
(42, 1, 'dylan_ross_spotify', 'Streaming'),
(42, 4, 'dylan.r_music', 'Social Media'),
(43, 4, 'grace_richardson_amazon', 'Streaming'),
(43, 3, 'grace.r_ig', 'Social Media'),
(44, 1, 'leo_powell_spotify', 'Streaming'),
(44, 5, 'leo.p_music', 'Social Media'),
(45, 3, 'victoria_cook_tidal', 'Streaming'),
(45, 2, 'victoria.c_ig', 'Social Media'),
(46, 2, 'ella_cooper_apple', 'Streaming'),
(46, 4, 'ella.c_fb', 'Social Media'),
(47, 5, 'luke_murphy_ytmusic', 'Streaming'),
(47, 3, 'luke.m_ig', 'Social Media'),
(48, 4, 'hannah_howard_amazon', 'Streaming'),
(48, 1, 'hannah.h_music', 'Social Media'),
(49, 1, 'matthew_wright_spotify', 'Streaming'),
(49, 3, 'matthew.w_ig', 'Social Media'),
(50, 2, 'chloe_baker_apple', 'Streaming'),
(50, 5, 'chloe.b_music', 'Social Media'),
(51, 3, 'kaito_nakamura_tidal', 'Streaming'),
(51, 4, 'kaito.n_ig', 'Social Media'),
(52, 1, 'priya_singh_spotify', 'Streaming'),
(52, 2, 'priya.s_music', 'Social Media'),
(53, 5, 'carlos_silva_ytmusic', 'Streaming'),
(53, 3, 'carlos.s_ig', 'Social Media'),
(54, 4, 'aisha_khan_amazon', 'Streaming'),
(54, 1, 'aisha.k_music', 'Social Media'),
(55, 1, 'chen_wei_spotify', 'Streaming'),
(55, 2, 'chen.w_ig', 'Social Media'),
(56, 3, 'lara_dubois_tidal', 'Streaming'),
(56, 5, 'lara.d_music', 'Social Media'),
(57, 2, 'mateo_fernandez_apple', 'Streaming'),
(57, 4, 'mateo.f_ig', 'Social Media'),
(58, 4, 'fatima_yusuf_amazon', 'Streaming'),
(58, 5, 'fatima.y_music', 'Social Media'),
(59, 5, 'santiago_morales_ytmusic', 'Streaming'),
(59, 1, 'santiago.m_ig', 'Social Media'),
(60, 3, 'aya_tanaka_tidal', 'Streaming'),
(60, 2, 'aya.t_music', 'Social Media'),
(61, 1, 'zain_malik_spotify', 'Streaming'),
(61, 4, 'zain.m_ig', 'Social Media'),
(62, 2, 'anika_sharma_apple', 'Streaming'),
(62, 5, 'anika.s_music', 'Social Media'),
(63, 5, 'ravi_patel_ytmusic', 'Streaming'),
(63, 1, 'ravi.p_ig', 'Social Media'),
(64, 3, 'ines_lopez_tidal', 'Streaming'),
(64, 2, 'ines.l_music', 'Social Media'),
(65, 4, 'kai_lee_amazon', 'Streaming'),
(65, 5, 'kai.l_ig', 'Social Media'),
(66, 1, 'nia_roberts_spotify', 'Streaming'),
(66, 4, 'nia.r_music', 'Social Media'),
(67, 5, 'ahmad_hassan_ytmusic', 'Streaming'),
(67, 2, 'ahmad.h_ig', 'Social Media'),
(68, 2, 'lucia_rossi_apple', 'Streaming'),
(68, 3, 'lucia.r_music', 'Social Media'),
(69, 4, 'omar_ali_amazon', 'Streaming'),
(69, 1, 'omar.a_ig', 'Social Media'),
(70, 3, 'jin_park_tidal', 'Streaming'),
(70, 5, 'jin.p_music', 'Social Media'),
(71, 5, 'nia_williams_ytmusic', 'Streaming'),
(71, 1, 'nia.w_ig', 'Social Media'),
(72, 1, 'diego_rojas_spotify', 'Streaming'),
(72, 3, 'diego.r_music', 'Social Media'),
(73, 2, 'sofia_ferreira_apple', 'Streaming'),
(73, 4, 'sofia.f_ig', 'Social Media'),
(74, 5, 'akira_takahashi_ytmusic', 'Streaming'),
(74, 1, 'akira.t_music', 'Social Media'),
(75, 4, 'maya_gupta_amazon', 'Streaming'),
(75, 2, 'maya.g_ig', 'Social Media'),
(76, 3, 'hugo_mendes_tidal', 'Streaming'),
(76, 4, 'hugo.m_music', 'Social Media'),
(77, 1, 'amina_suleiman_spotify', 'Streaming'),
(77, 2, 'amina.s_ig', 'Social Media'),
(78, 5, 'isaac_brown_ytmusic', 'Streaming'),
(78, 1, 'isaac.b_music', 'Social Media'),
(79, 4, 'layla_ahmed_amazon', 'Streaming'),
(79, 3, 'layla.a_ig', 'Social Media'),
(80, 3, 'finn_andersen_tidal', 'Streaming'),
(80, 2, 'finn.a_music', 'Social Media'),
(81, 1, 'zara_khan_spotify', 'Streaming'),
(81, 5, 'zara.k_ig', 'Social Media'),
(82, 5, 'yusuf_patel_ytmusic', 'Streaming'),
(82, 1, 'yusuf.p_music', 'Social Media'),
(83, 2, 'hana_suzuki_apple', 'Streaming'),
(83, 3, 'hana.s_ig', 'Social Media'),
(84, 4, 'mei_ling_amazon', 'Streaming'),
(84, 5, 'mei.l_music', 'Social Media'),
(85, 3, 'ravi_nair_tidal', 'Streaming'),
(85, 1, 'ravi.n_ig', 'Social Media'),
(86, 1, 'leila_moreno_spotify', 'Streaming'),
(86, 2, 'leila.m_music', 'Social Media'),
(87, 5, 'mohammed_al-farsi_ytmusic', 'Streaming'),
(87, 4, 'mohammed.a_ig', 'Social Media'),
(88, 4, 'sienna_evans_amazon', 'Streaming'),
(88, 5, 'sienna.e_music', 'Social Media'),
(89, 3, 'nikolai_ivanov_tidal', 'Streaming'),
(89, 1, 'nikolai.i_ig', 'Social Media'),
(90, 5, 'maria_petrova_ytmusic', 'Streaming'),
(90, 2, 'maria.p_music', 'Social Media'),
(91, 2, 'alexei_volkov_apple', 'Streaming'),
(91, 3, 'alexei.v_ig', 'Social Media'),
(92, 4, 'elena_popescu_amazon', 'Streaming'),
(92, 1, 'elena.p_music', 'Social Media'),
(93, 1, 'rafael_silva_spotify', 'Streaming'),
(93, 5, 'rafael.s_ig', 'Social Media'),
(94, 5, 'clara_svensson_ytmusic', 'Streaming'),
(94, 4, 'clara.s_music', 'Social Media'),
(95, 3, 'ali_hassan_tidal', 'Streaming'),
(95, 2, 'ali.h_ig', 'Social Media'),
(96, 4, 'emily_johansson_amazon', 'Streaming'),
(96, 5, 'emily.j_music', 'Social Media'),
(97, 1, 'jun_chen_spotify', 'Streaming'),
(97, 2, 'jun.c_ig', 'Social Media'),
(98, 3, 'lea_dupont_tidal', 'Streaming'),
(98, 4, 'lea.d_music', 'Social Media'),
(99, 5, 'raul_garcia_ytmusic', 'Streaming'),
(99, 1, 'raul.g_ig', 'Social Media'),
(100, 4, 'nadia_karim_amazon', 'Streaming'),
(100, 2, 'nadia.k_music', 'Social Media'),
(101, 5, 'yuki_ito_ytmusic', 'Streaming'),
(101, 1, 'yuki.i_ig', 'Social Media'),
(102, 2, 'natalia_nowak_apple', 'Streaming'),
(102, 3, 'natalia.n_ig', 'Social Media'),
(103, 4, 'amir_saeed_amazon', 'Streaming'),
(103, 5, 'amir.s_music', 'Social Media'),
(104, 1, 'lina_schmidt_spotify', 'Streaming'),
(104, 3, 'lina.s_ig', 'Social Media'),
(105, 5, 'javier_cruz_ytmusic', 'Streaming'),
(105, 2, 'javier.c_music', 'Social Media'),
(106, 2, 'samira_bashir_apple', 'Streaming'),
(106, 4, 'samira.b_ig', 'Social Media'),
(107, 3, 'marius_hansen_tidal', 'Streaming'),
(107, 1, 'marius.h_music', 'Social Media'),
(108, 1, 'keira_walsh_spotify', 'Streaming'),
(108, 5, 'keira.w_ig', 'Social Media'),
(109, 4, 'enzo_romano_amazon', 'Streaming'),
(109, 3, 'enzo.r_music', 'Social Media'),
(110, 2, 'sara_svensson_apple', 'Streaming'),
(110, 5, 'sara.s_ig', 'Social Media'),
(111, 5, 'ana_costa_ytmusic', 'Streaming'),
(111, 4, 'ana.c_music', 'Social Media'),
(112, 1, 'arjun_mehta_spotify', 'Streaming'),
(112, 3, 'arjun.m_ig', 'Social Media'),
(113, 3, 'julia_jensen_tidal', 'Streaming'),
(113, 4, 'julia.j_music', 'Social Media'),
(114, 2, 'fatou_diop_apple', 'Streaming'),
(114, 5, 'fatou.d_ig', 'Social Media'),
(115, 5, 'miguel_alvarez_ytmusic', 'Streaming'),
(115, 1, 'miguel.a_music', 'Social Media'),
(116, 4, 'anita_reddy_amazon', 'Streaming'),
(116, 3, 'anita.r_ig', 'Social Media'),
(117, 2, 'stefan_weber_apple', 'Streaming'),
(117, 5, 'stefan.w_music', 'Social Media'),
(118, 1, 'rina_nakamura_spotify', 'Streaming'),
(118, 2, 'rina.n_ig', 'Social Media'),
(119, 4, 'mateusz_kowalski_amazon', 'Streaming'),
(119, 3, 'mateusz.k_music', 'Social Media'),
(120, 3, 'gabriel_fernandez_tidal', 'Streaming'),
(120, 5, 'gabriel.f_ig', 'Social Media'),
(121, 5, 'isabel_gonzalez_ytmusic', 'Streaming'),
(121, 1, 'isabel.g_music', 'Social Media'),
(122, 2, 'nina_novak_apple', 'Streaming'),
(122, 4, 'nina.n_ig', 'Social Media'),
(123, 3, 'mohammad_rahman_tidal', 'Streaming'),
(123, 5, 'mohammad.r_ig', 'Social Media'),
(124, 1, 'sophie_schneider_spotify', 'Streaming'),
(124, 2, 'sophie.s_music', 'Social Media'),
(125, 4, 'hassan_omar_amazon', 'Streaming'),
(125, 3, 'hassan.o_ig', 'Social Media'),
(126, 5, 'ella_roberts_ytmusic', 'Streaming'),
(126, 1, 'ella.r_music', 'Social Media'),
(127, 2, 'fahim_ali_apple', 'Streaming'),
(127, 4, 'fahim.a_ig', 'Social Media'),
(128, 3, 'maya_fischer_tidal', 'Streaming'),
(128, 5, 'maya.f_music', 'Social Media'),
(129, 1, 'andrei_popescu_spotify', 'Streaming'),
(129, 2, 'andrei.p_ig', 'Social Media'),
(130, 5, 'farah_youssef_ytmusic', 'Streaming'),
(130, 4, 'farah.y_music', 'Social Media'),
(131, 2, 'kenta_yoshida_apple', 'Streaming'),
(131, 3, 'kenta.y_ig', 'Social Media'),
(132, 4, 'anastasia_ivanova_amazon', 'Streaming'),
(132, 1, 'anastasia.i_music', 'Social Media'),
(133, 3, 'rami_ahmed_tidal', 'Streaming'),
(133, 4, 'rami.a_ig', 'Social Media'),
(134, 5, 'isabelle_martin_ytmusic', 'Streaming'),
(134, 1, 'isabelle.m_music', 'Social Media'),
(135, 1, 'oscar_diaz_spotify', 'Streaming'),
(135, 2, 'oscar.d_ig', 'Social Media'),
(136, 4, 'linnea_olsson_amazon', 'Streaming'),
(136, 5, 'linnea.o_music', 'Social Media'),
(137, 2, 'victor_ribeiro_apple', 'Streaming'),
(137, 3, 'victor.r_ig', 'Social Media'),
(138, 3, 'chloe_wilson_tidal', 'Streaming'),
(138, 4, 'chloe.w_music', 'Social Media'),
(139, 5, 'liam_brown_ytmusic', 'Streaming'),
(139, 1, 'liam.b_ig', 'Social Media'),
(140, 1, 'mira_el-sayed_spotify', 'Streaming'),
(140, 2, 'mira.e_ig', 'Social Media'),
(141, 4, 'khalid_khan_amazon', 'Streaming'),
(141, 3, 'khalid.k_music', 'Social Media'),
(142, 2, 'lara_smith_apple', 'Streaming'),
(142, 5, 'lara.s_ig', 'Social Media'),
(143, 5, 'levi_cohen_ytmusic', 'Streaming'),
(143, 1, 'levi.c_music', 'Social Media'),
(144, 3, 'ayumi_tanaka_tidal', 'Streaming'),
(144, 4, 'ayumi.t_ig', 'Social Media'),
(145, 1, 'anton_petrov_spotify', 'Streaming'),
(145, 2, 'anton.p_ig', 'Social Media'),
(146, 2, 'maria_costa_apple', 'Streaming'),
(146, 5, 'maria.c_ig', 'Social Media'),
(147, 5, 'hassan_abbas_ytmusic', 'Streaming'),
(147, 4, 'hassan.a_music', 'Social Media'),
(148, 4, 'anjali_kumar_amazon', 'Streaming'),
(148, 3, 'anjali.k_ig', 'Social Media'),
(149, 1, 'yara_suleiman_spotify', 'Streaming'),
(149, 2, 'yara.s_music', 'Social Media'),
(150, 3, 'sebastian_müller_tidal', 'Streaming'),
(150, 5, 'sebastian.m_ig', 'Social Media'),
(151, 5, 'isla_turner_ytmusic', 'Streaming'),
(151, 4, 'isla.t_music', 'Social Media'),
(152, 4, 'haruki_yamada_amazon', 'Streaming'),
(152, 1, 'haruki.y_ig', 'Social Media'),
(153, 2, 'alejandro_vargas_apple', 'Streaming'),
(153, 3, 'alejandro.v_music', 'Social Media'),
(154, 5, 'sofia_hansen_ytmusic', 'Streaming'),
(154, 1, 'sofia.h_ig', 'Social Media'),
(155, 1, 'omar_al-hassan_spotify', 'Streaming'),
(155, 2, 'omar.a_music', 'Social Media'),
(156, 3, 'lucie_bertrand_tidal', 'Streaming'),
(156, 4, 'lucie.b_ig', 'Social Media'),
(157, 4, 'zane_smith_amazon', 'Streaming'),
(157, 5, 'zane.s_music', 'Social Media'),
(158, 2, 'anisa_abdi_apple', 'Streaming'),
(158, 1, 'anisa.a_ig', 'Social Media'),
(159, 5, 'kamil_kowalski_ytmusic', 'Streaming'),
(159, 3, 'kamil.k_music', 'Social Media'),
(160, 1, 'kiara_williams_spotify', 'Streaming'),
(160, 4, 'kiara.w_ig', 'Social Media'),
(161, 2, 'renato_lima_apple', 'Streaming'),
(161, 3, 'renato.l_music', 'Social Media'),
(162, 4, 'aya_nakamura_amazon', 'Streaming'),
(162, 5, 'aya.n_ig', 'Social Media'),
(163, 5, 'basma_el-badawi_ytmusic', 'Streaming'),
(163, 1, 'basma.e_ig', 'Social Media'),
(164, 1, 'johan_andersson_spotify', 'Streaming'),
(164, 2, 'johan.a_music', 'Social Media'),
(165, 2, 'elina_kaur_apple', 'Streaming'),
(165, 3, 'elina.k_ig', 'Social Media'),
(166, 4, 'junaid_qureshi_amazon', 'Streaming'),
(166, 5, 'junaid.q_music', 'Social Media'),
(167, 3, 'aline_dupont_tidal', 'Streaming'),
(167, 1, 'aline.d_ig', 'Social Media'),
(168, 5, 'nils_johansson_ytmusic', 'Streaming'),
(168, 4, 'nils.j_music', 'Social Media'),
(169, 2, 'aria_chen_apple', 'Streaming'),
(169, 3, 'aria.c_ig', 'Social Media'),
(170, 4, 'mateo_cruz_amazon', 'Streaming'),
(170, 5, 'mateo.c_music', 'Social Media'),
(171, 1, 'layla_ahmed_spotify', 'Streaming'),
(171, 2, 'layla.a_ig', 'Social Media'),
(172, 3, 'kaito_yamamoto_tidal', 'Streaming'),
(172, 5, 'kaito.y_music', 'Social Media'),
(173, 4, 'fatima_siddiqui_amazon', 'Streaming'),
(173, 1, 'fatima.s_ig', 'Social Media'),
(174, 2, 'ivan_volkov_apple', 'Streaming'),
(174, 5, 'ivan.v_music', 'Social Media'),
(175, 5, 'luisa_morales_ytmusic', 'Streaming'),
(175, 3, 'luisa.m_ig', 'Social Media'),
(176, 1, 'salma_bashir_spotify', 'Streaming'),
(176, 2, 'salma.b_music', 'Social Media'),
(177, 2, 'amine_bouchard_apple', 'Streaming'),
(177, 4, 'amine.b_ig', 'Social Media'),
(178, 4, 'nadia_jovanovic_amazon', 'Streaming'),
(178, 5, 'nadia.j_music', 'Social Media'),
(179, 3, 'henrik_olsen_tidal', 'Streaming'),
(179, 1, 'henrik.o_ig', 'Social Media'),
(180, 1, 'elise_tremblay_spotify', 'Streaming'),
(180, 2, 'elise.t_music', 'Social Media'),
(181, 5, 'omar_farouk_ytmusic', 'Streaming'),
(181, 4, 'omar.f_ig', 'Social Media'),
(182, 4, 'nadia_radic_amazon', 'Streaming'),
(182, 3, 'nadia.r_music', 'Social Media'),
(183, 2, 'sergio_alvarez_apple', 'Streaming'),
(183, 5, 'sergio.a_ig', 'Social Media'),
(184, 3, 'mia_schmidt_tidal', 'Streaming'),
(184, 1, 'mia.s_music', 'Social Media'),
(185, 1, 'rayan_el-khatib_spotify', 'Streaming'),
(185, 2, 'rayan.e_ig', 'Social Media'),
(186, 4, 'chloé_moreau_amazon', 'Streaming'),
(186, 5, 'chloé.m_music', 'Social Media'),
(187, 2, 'adnan_malik_apple', 'Streaming'),
(187, 3, 'adnan.m_ig', 'Social Media'),
(188, 5, 'ingrid_svensson_ytmusic', 'Streaming'),
(188, 4, 'ingrid.s_ig', 'Social Media'),
(189, 1, 'mateus_costa_spotify', 'Streaming'),
(189, 2, 'mateus.c_music', 'Social Media'),
(190, 3, 'aisha_ali_tidal', 'Streaming'),
(190, 5, 'aisha.a_ig', 'Social Media'),
(191, 4, 'hideki_matsumoto_amazon', 'Streaming'),
(191, 1, 'hideki.m_music', 'Social Media'),
(192, 2, 'klara_muller_apple', 'Streaming'),
(192, 5, 'klara.m_ig', 'Social Media'),
(193, 3, 'omar_hossain_tidal', 'Streaming'),
(193, 4, 'omar.h_ig', 'Social Media'),
(194, 5, 'natalia_vasileva_ytmusic', 'Streaming'),
(194, 1, 'natalia.v_music', 'Social Media'),
(195, 2, 'sofia_weber_apple', 'Streaming'),
(195, 3, 'sofia.w_ig', 'Social Media'),
(196, 4, 'musa_abdullahi_amazon', 'Streaming'),
(196, 5, 'musa.a_music', 'Social Media'),
(197, 5, 'théo_lefevre_ytmusic', 'Streaming'),
(197, 1, 'théo.l_ig', 'Social Media'),
(198, 3, 'nina_jensen_tidal', 'Streaming'),
(198, 2, 'nina.j_music', 'Social Media'),
(199, 4, 'luca_romano_amazon', 'Streaming'),
(199, 5, 'luca.r_ig', 'Social Media'),
(200, 1, 'sara_larsson_spotify', 'Streaming'),
(200, 3, 'sara.l_music', 'Social Media'),
(201, 2, 'femi_adesina_apple', 'Streaming'),
(201, 4, 'femi.a_ig', 'Social Media'),
(202, 5, 'mai_nguyen_ytmusic', 'Streaming'),
(202, 1, 'mai.n_music', 'Social Media'),
(203, 1, 'amira_ismail_spotify', 'Streaming'),
(203, 2, 'amira.i_ig', 'Social Media'),
(204, 3, 'joaquin_martinez_tidal', 'Streaming'),
(204, 4, 'joaquin.m_music', 'Social Media'),
(205, 2, 'anna_nowak_apple', 'Streaming'),
(205, 5, 'anna.n_ig', 'Social Media'),
(206, 4, 'yasmine_khaled_amazon', 'Streaming'),
(206, 3, 'yasmine.k_music', 'Social Media'),
(207, 1, 'mahmoud_azizi_spotify', 'Streaming'),
(207, 5, 'mahmoud.a_ig', 'Social Media'),
(208, 5, 'ines_mendes_ytmusic', 'Streaming'),
(208, 2, 'ines.m_music', 'Social Media'),
(209, 4, 'rami_haddad_amazon', 'Streaming'),
(209, 3, 'rami.h_ig', 'Social Media'),
(210, 2, 'noah_dubois_apple', 'Streaming'),
(210, 1, 'noah.d_music', 'Social Media'),
(211, 3, 'sofia_dimitrova_tidal', 'Streaming'),
(211, 5, 'sofia.d_ig', 'Social Media'),
(212, 1, 'leila_youssef_spotify', 'Streaming'),
(212, 2, 'leila.y_music', 'Social Media'),
(213, 5, 'pedro_fernandez_ytmusic', 'Streaming'),
(213, 3, 'pedro.f_ig', 'Social Media'),
(214, 4, 'isla_roberts_amazon', 'Streaming'),
(214, 1, 'isla.r_music', 'Social Media'),
(215, 2, 'tariq_ali_apple', 'Streaming'),
(215, 5, 'tariq.a_ig', 'Social Media'),
(216, 3, 'amelie_schneider_tidal', 'Streaming'),
(216, 4, 'amelie.s_music', 'Social Media'),
(217, 4, 'marwan_hussein_amazon', 'Streaming'),
(217, 1, 'marwan.h_ig', 'Social Media'),
(218, 2, 'camila_gomez_apple', 'Streaming'),
(218, 5, 'camila.g_music', 'Social Media'),
(219, 1, 'jan_novak_spotify', 'Streaming'),
(219, 3, 'jan.n_ig', 'Social Media'),
(220, 5, 'ava_thompson_ytmusic', 'Streaming'),
(220, 4, 'ava.t_music', 'Social Media'),
(221, 4, 'mohammad_latif_amazon', 'Streaming'),
(221, 2, 'mohammad.l_ig', 'Social Media'),
(222, 1, 'rana_el-sheikh_spotify', 'Streaming'),
(222, 3, 'rana.e_music', 'Social Media'),
(223, 3, 'sam_wang_tidal', 'Streaming'),
(223, 5, 'sam.w_ig', 'Social Media'),
(224, 5, 'adelina_popescu_ytmusic', 'Streaming'),
(224, 2, 'adelina.p_music', 'Social Media'),
(225, 2, 'aisha_rahman_apple', 'Streaming'),
(225, 4, 'aisha.r_ig', 'Social Media'),
(226, 4, 'lukas_mueller_amazon', 'Streaming'),
(226, 1, 'lukas.m_music', 'Social Media'),
(227, 1, 'imani_zuberi_spotify', 'Streaming'),
(227, 2, 'imani.z_ig', 'Social Media'),
(228, 5, 'emil_jensen_ytmusic', 'Streaming'),
(228, 4, 'emil.j_music', 'Social Media'),
(229, 2, 'zara_hussain_apple', 'Streaming'),
(229, 3, 'zara.h_ig', 'Social Media'),
(230, 4, 'ali_mustafa_amazon', 'Streaming'),
(230, 1, 'ali.m_music', 'Social Media'),
(231, 5, 'leila_silva_ytmusic', 'Streaming'),
(231, 2, 'leila.s_ig', 'Social Media'),
(232, 1, 'takeshi_sato_spotify', 'Streaming'),
(232, 4, 'takeshi.s_music', 'Social Media'),
(233, 4, 'yasmin_dey_amazon', 'Streaming'),
(233, 3, 'yasmin.d_ig', 'Social Media'),
(234, 2, 'erik_andersson_apple', 'Streaming'),
(234, 1, 'erik.a_music', 'Social Media'),
(235, 5, 'lara_nassar_ytmusic', 'Streaming'),
(235, 2, 'lara.n_ig', 'Social Media'),
(236, 3, 'amit_kumar_tidal', 'Streaming'),
(236, 4, 'amit.k_music', 'Social Media'),
(237, 4, 'sahar_mostafa_amazon', 'Streaming'),
(237, 5, 'sahar.m_ig', 'Social Media'),
(238, 2, 'niklas_lindgren_apple', 'Streaming'),
(238, 3, 'niklas.l_music', 'Social Media'),
(239, 1, 'tania_duarte_spotify', 'Streaming'),
(239, 4, 'tania.d_ig', 'Social Media'),
(240, 5, 'ivan_ivanov_ytmusic', 'Streaming'),
(240, 2, 'ivan.i_music', 'Social Media'),
(241, 3, 'hana_tanaka_tidal', 'Streaming'),
(241, 5, 'hana.t_ig', 'Social Media'),
(242, 1, 'sofia_petrova_spotify', 'Streaming'),
(242, 4, 'sofia.p_music', 'Social Media'),
(243, 2, 'zain_zafar_apple', 'Streaming'),
(243, 3, 'zain.z_ig', 'Social Media'),
(244, 5, 'elise_müller_ytmusic', 'Streaming'),
(244, 1, 'elise.m_music', 'Social Media'),
(245, 4, 'farid_nasser_amazon', 'Streaming'),
(245, 2, 'farid.n_ig', 'Social Media'),
(246, 1, 'emma_wilson_spotify', 'Streaming'),
(246, 3, 'emma.w_music', 'Social Media'),
(247, 2, 'jafar_khan_apple', 'Streaming'),
(247, 5, 'jafar.k_ig', 'Social Media'),
(248, 5, 'linnea_sandberg_ytmusic', 'Streaming'),
(248, 4, 'linnea.s_music', 'Social Media'),
(249, 3, 'mustafa_ali_tidal', 'Streaming'),
(249, 1, 'mustafa.a_ig', 'Social Media'),
(250, 4, 'salma_ibrahim_amazon', 'Streaming'),
(250, 2, 'salma.i_music', 'Social Media'),
(251, 5, 'keiko_yamashita_ytmusic', 'Streaming'),
(251, 1, 'keiko.y_ig', 'Social Media'),
(252, 3, 'lukas_schmidt_tidal', 'Streaming'),
(252, 4, 'lukas.s_music', 'Social Media'),
(253, 1, 'omar_rahman_spotify', 'Streaming'),
(253, 5, 'omar.r_ig', 'Social Media'),
(254, 2, 'yuliya_zhukova_apple', 'Streaming'),
(254, 4, 'yuliya.z_music', 'Social Media'),
(255, 5, 'dina_mansour_ytmusic', 'Streaming'),
(255, 1, 'dina.m_ig', 'Social Media'),
(256, 1, 'ibrahim_suleiman_spotify', 'Streaming'),
(256, 2, 'ibrahim.s_music', 'Social Media'),
(257, 4, 'elsa_andersen_amazon', 'Streaming'),
(257, 3, 'elsa.a_ig', 'Social Media'),
(258, 5, 'lucas_moreira_ytmusic', 'Streaming'),
(258, 4, 'lucas.m_music', 'Social Media'),
(259, 3, 'zara_mahmood_tidal', 'Streaming'),
(259, 1, 'zara.m_ig', 'Social Media'),
(260, 2, 'alyssa_wilson_apple', 'Streaming'),
(260, 5, 'alyssa.w_music', 'Social Media'),
(261, 4, 'rami_awad_amazon', 'Streaming'),
(261, 1, 'rami.a_ig', 'Social Media'),
(262, 5, 'yuki_mori_ytmusic', 'Streaming'),
(262, 2, 'yuki.m_music', 'Social Media'),
(263, 3, 'layla_hasan_tidal', 'Streaming'),
(263, 4, 'layla.h_ig', 'Social Media'),
(264, 1, 'emil_johansson_spotify', 'Streaming'),
(264, 5, 'emil.j_ig', 'Social Media'),
(265, 2, 'alia_kamal_apple', 'Streaming'),
(265, 3, 'alia.k_music', 'Social Media'),
(266, 4, 'yusuf_ali_amazon', 'Streaming'),
(266, 1, 'yusuf.a_ig', 'Social Media'),
(267, 5, 'elena_popov_ytmusic', 'Streaming'),
(267, 2, 'elena.p_music', 'Social Media'),
(268, 3, 'hana_suzuki_tidal', 'Streaming'),
(268, 4, 'hana.s_ig', 'Social Media'),
(269, 1, 'nadir_khan_spotify', 'Streaming'),
(269, 5, 'nadir.k_music', 'Social Media'),
(270, 2, 'ingrid_berg_apple', 'Streaming'),
(270, 3, 'ingrid.b_ig', 'Social Media'),
(271, 5, 'mateus_silva_ytmusic', 'Streaming'),
(271, 1, 'mateus.s_music', 'Social Media'),
(272, 4, 'anika_malik_amazon', 'Streaming'),
(272, 2, 'anika.m_ig', 'Social Media'),
(273, 3, 'javier_ramos_tidal', 'Streaming'),
(273, 4, 'javier.r_music', 'Social Media'),
(274, 5, 'nina_fischer_ytmusic', 'Streaming'),
(274, 1, 'nina.f_ig', 'Social Media'),
(275, 1, 'amir_al-masri_spotify', 'Streaming'),
(275, 2, 'amir.a_ig', 'Social Media'),
(276, 4, 'sophie_müller_amazon', 'Streaming'),
(276, 5, 'sophie.m_music', 'Social Media'),
(277, 3, 'tarek_el-masry_tidal', 'Streaming'),
(277, 1, 'tarek.e_ig', 'Social Media'),
(278, 2, 'lucia_fernandez_apple', 'Streaming'),
(278, 5, 'lucia.f_music', 'Social Media'),
(279, 4, 'viktor_johansson_amazon', 'Streaming'),
(279, 1, 'viktor.j_ig', 'Social Media'),
(280, 5, 'hiba_hassan_ytmusic', 'Streaming'),
(280, 3, 'hiba.h_music', 'Social Media'),
(281, 1, 'niko_tanaka_spotify', 'Streaming'),
(281, 2, 'niko.t_ig', 'Social Media'),
(282, 4, 'lina_schmidt_amazon', 'Streaming'),
(282, 5, 'lina.s_music', 'Social Media'),
(283, 3, 'rami_hossain_tidal', 'Streaming'),
(283, 1, 'rami.h_ig', 'Social Media'),
(284, 2, 'isabel_silva_apple', 'Streaming'),
(284, 5, 'isabel.s_music', 'Social Media'),
(285, 5, 'aisha_rahim_ytmusic', 'Streaming'),
(285, 4, 'aisha.r_ig', 'Social Media'),
(286, 1, 'stefan_weber_spotify', 'Streaming'),
(286, 3, 'stefan.w_music', 'Social Media'),
(287, 2, 'anisa_naser_apple', 'Streaming'),
(287, 4, 'anisa.n_ig', 'Social Media'),
(288, 4, 'andrei_petrov_amazon', 'Streaming'),
(288, 5, 'andrei.p_music', 'Social Media'),
(289, 3, 'amelie_dubois_tidal', 'Streaming'),
(289, 1, 'amelie.d_ig', 'Social Media'),
(290, 5, 'rafael_martins_ytmusic', 'Streaming'),
(290, 2, 'rafael.m_music', 'Social Media'),
(291, 4, 'lena_schmidt_amazon', 'Streaming'),
(291, 5, 'lena.s_ig', 'Social Media'),
(292, 2, 'mei_chen_apple', 'Streaming'),
(292, 3, 'mei.c_ig', 'Social Media'),
(293, 5, 'fatima_nasser_ytmusic', 'Streaming'),
(293, 1, 'fatima.n_music', 'Social Media'),
(294, 1, 'johan_svensson_spotify', 'Streaming'),
(294, 2, 'johan.s_ig', 'Social Media'),
(295, 3, 'mariam_awad_tidal', 'Streaming'),
(295, 4, 'mariam.a_music', 'Social Media'),
(296, 5, 'leila_jaber_ytmusic', 'Streaming'),
(296, 2, 'leila.j_ig', 'Social Media'),
(297, 4, 'maxime_lefevre_amazon', 'Streaming'),
(297, 1, 'maxime.l_music', 'Social Media'),
(298, 3, 'yu_suzuki_tidal', 'Streaming'),
(298, 5, 'yu.s_ig', 'Social Media'),
(299, 1, 'ahmed_khan_spotify', 'Streaming'),
(299, 2, 'ahmed.k_ig', 'Social Media'),
(300, 4, 'sara_berg_amazon', 'Streaming'),
(300, 5, 'sara.b_music', 'Social Media'),
(301, 5, 'lucia_rossi_ytmusic', 'Streaming'),
(301, 1, 'lucia.r_ig', 'Social Media'),
(302, 3, 'nina_weber_tidal', 'Streaming'),
(302, 2, 'nina.w_music', 'Social Media'),
(303, 2, 'hassan_mustafa_apple', 'Streaming'),
(303, 4, 'hassan.m_ig', 'Social Media'),
(304, 1, 'sophie_andersen_spotify', 'Streaming'),
(304, 3, 'sophie.a_music', 'Social Media'),
(305, 4, 'akira_yamada_amazon', 'Streaming'),
(305, 5, 'akira.y_ig', 'Social Media'),
(306, 3, 'chloé_martin_tidal', 'Streaming'),
(306, 1, 'chloé.m_music', 'Social Media'),
(307, 1, 'rania_said_spotify', 'Streaming'),
(307, 2, 'rania.s_ig', 'Social Media'),
(308, 4, 'linnea_karlsson_amazon', 'Streaming'),
(308, 5, 'linnea.k_music', 'Social Media'),
(309, 5, 'adnan_abdullah_ytmusic', 'Streaming'),
(309, 3, 'adnan.a_ig', 'Social Media'),
(310, 3, 'kiran_mehta_tidal', 'Streaming'),
(310, 4, 'kiran.m_music', 'Social Media'),
(311, 1, 'luca_romano_spotify', 'Streaming'),
(311, 2, 'luca.r_ig', 'Social Media'),
(312, 2, 'emma_johansson_apple', 'Streaming'),
(312, 5, 'emma.j_ig', 'Social Media'),
(313, 4, 'nadir_qureshi_amazon', 'Streaming'),
(313, 3, 'nadir.q_music', 'Social Media'),
(314, 5, 'nadia_vasileva_ytmusic', 'Streaming'),
(314, 1, 'nadia.v_ig', 'Social Media'),
(315, 2, 'amara_khan_apple', 'Streaming'),
(315, 3, 'amara.k_music', 'Social Media'),
(316, 4, 'tobias_jensen_amazon', 'Streaming'),
(316, 5, 'tobias.j_ig', 'Social Media'),
(317, 1, 'yara_ibrahim_spotify', 'Streaming'),
(317, 2, 'yara.i_ig', 'Social Media'),
(318, 3, 'ahmed_said_tidal', 'Streaming'),
(318, 4, 'ahmed.s_music', 'Social Media'),
(319, 5, 'sofia_silva_ytmusic', 'Streaming'),
(319, 1, 'sofia.s_ig', 'Social Media'),
(320, 2, 'liam_thompson_apple', 'Streaming'),
(320, 3, 'liam.t_music', 'Social Media'),
(321, 3, 'lina_müller_tidal', 'Streaming'),
(321, 4, 'lina.m_ig', 'Social Media'),
(322, 1, 'ren_zhang_spotify', 'Streaming'),
(322, 5, 'ren.z_ig', 'Social Media'),
(323, 4, 'sami_hassan_amazon', 'Streaming'),
(323, 2, 'sami.h_music', 'Social Media'),
(324, 5, 'ingrid_olsen_ytmusic', 'Streaming'),
(324, 3, 'ingrid.o_ig', 'Social Media'),
(325, 1, 'amina_yusuf_spotify', 'Streaming'),
(325, 2, 'amina.y_music', 'Social Media'),
(326, 3, 'jens_berg_tidal', 'Streaming'),
(326, 4, 'jens.b_ig', 'Social Media'),
(327, 2, 'zara_mohammed_apple', 'Streaming'),
(327, 5, 'zara.m_ig', 'Social Media'),
(328, 4, 'felipe_mendes_amazon', 'Streaming'),
(328, 3, 'felipe.m_music', 'Social Media'),
(329, 1, 'ali_bashir_spotify', 'Streaming'),
(329, 2, 'ali.b_ig', 'Social Media'),
(330, 3, 'nina_weber_tidal', 'Streaming'),
(330, 5, 'nina.w_music', 'Social Media'),
(331, 5, 'mateo_gonzalez_ytmusic', 'Streaming'),
(331, 4, 'mateo.g_ig', 'Social Media'),
(332, 2, 'elena_petrova_apple', 'Streaming'),
(332, 3, 'elena.p_music', 'Social Media'),
(333, 1, 'rahim_khan_spotify', 'Streaming'),
(333, 5, 'rahim.k_ig', 'Social Media'),
(334, 4, 'emma_svensson_amazon', 'Streaming'),
(334, 2, 'emma.s_music', 'Social Media'),
(335, 3, 'hiroshi_tanaka_tidal', 'Streaming'),
(335, 1, 'hiroshi.t_ig', 'Social Media'),
(336, 5, 'sara_martin_ytmusic', 'Streaming'),
(336, 4, 'sara.m_ig', 'Social Media'),
(337, 4, 'nadia_rahim_amazon', 'Streaming'),
(337, 2, 'nadia.r_music', 'Social Media'),
(338, 3, 'amelie_lund_tidal', 'Streaming'),
(338, 1, 'amelie.l_ig', 'Social Media'),
(339, 1, 'mohammed_ali_spotify', 'Streaming'),
(339, 2, 'mohammed.a_music', 'Social Media'),
(340, 5, 'aisha_khatib_ytmusic', 'Streaming'),
(340, 4, 'aisha.k_ig', 'Social Media'),
(341, 4, 'daisuke_yamamoto_amazon', 'Streaming'),
(341, 5, 'daisuke.y_ig', 'Social Media'),
(342, 2, 'lina_andersson_apple', 'Streaming'),
(342, 3, 'lina.a_music', 'Social Media'),
(343, 1, 'omar_rahman_spotify', 'Streaming'),
(343, 2, 'omar.r_ig', 'Social Media'),
(344, 3, 'lena_petrova_tidal', 'Streaming'),
(344, 5, 'lena.p_music', 'Social Media'),
(345, 5, 'ava_wilson_ytmusic', 'Streaming'),
(345, 4, 'ava.w_ig', 'Social Media'),
(346, 4, 'maximilian_weber_amazon', 'Streaming'),
(346, 2, 'maximilian.w_music', 'Social Media'),
(347, 2, 'aya_nasser_apple', 'Streaming'),
(347, 1, 'aya.n_ig', 'Social Media'),
(348, 3, 'yusuf_abdullah_tidal', 'Streaming'),
(348, 4, 'yusuf.a_music', 'Social Media'),
(349, 5, 'elise_schmidt_ytmusic', 'Streaming'),
(349, 2, 'elise.s_ig', 'Social Media'),
(350, 1, 'carlos_cruz_spotify', 'Streaming'),
(350, 3, 'carlos.c_music', 'Social Media'),
(351, 3, 'maria_svensson_tidal', 'Streaming'),
(351, 4, 'maria.s_ig', 'Social Media'),
(352, 2, 'minami_tanaka_apple', 'Streaming'),
(352, 5, 'minami.t_music', 'Social Media'),
(353, 4, 'rania_hasan_amazon', 'Streaming'),
(353, 1, 'rania.h_ig', 'Social Media'),
(354, 5, 'jonas_lindgren_ytmusic', 'Streaming'),
(354, 2, 'jonas.l_music', 'Social Media'),
(355, 3, 'alya_zayed_tidal', 'Streaming'),
(355, 4, 'alya.z_ig', 'Social Media'),
(356, 1, 'mustafa_khalid_spotify', 'Streaming'),
(356, 5, 'mustafa.k_music', 'Social Media'),
(357, 4, 'elena_ivanova_amazon', 'Streaming'),
(357, 2, 'elena.i_ig', 'Social Media'),
(358, 3, 'lea_müller_tidal', 'Streaming'),
(358, 1, 'lea.m_ig', 'Social Media'),
(359, 5, 'rahim_syed_ytmusic', 'Streaming'),
(359, 4, 'rahim.s_music', 'Social Media'),
(360, 2, 'julia_berg_apple', 'Streaming'),
(360, 5, 'julia.b_ig', 'Social Media'),
(361, 1, 'ahmed_al-mansour_spotify', 'Streaming'),
(361, 3, 'ahmed.a_music', 'Social Media'),
(362, 4, 'ines_moreira_amazon', 'Streaming'),
(362, 2, 'ines.m_ig', 'Social Media'),
(363, 5, 'sophie_schneider_ytmusic', 'Streaming'),
(363, 3, 'sophie.s_music', 'Social Media'),
(364, 1, 'takeshi_yamashita_spotify', 'Streaming'),
(364, 2, 'takeshi.y_ig', 'Social Media'),
(365, 3, 'nadia_karlsson_tidal', 'Streaming'),
(365, 4, 'nadia.k_music', 'Social Media'),
(366, 4, 'sara_müller_amazon', 'Streaming'),
(366, 5, 'sara.m_ig', 'Social Media'),
(367, 2, 'ayman_ibrahim_apple', 'Streaming'),
(367, 3, 'ayman.i_music', 'Social Media'),
(368, 1, 'amelie_svensson_spotify', 'Streaming'),
(368, 4, 'amelie.s_ig', 'Social Media'),
(369, 5, 'viktor_petrov_ytmusic', 'Streaming'),
(369, 2, 'viktor.p_music', 'Social Media'),
(370, 3, 'fatima_youssef_tidal', 'Streaming'),
(370, 5, 'fatima.y_ig', 'Social Media'),
(371, 4, 'kazuki_sato_amazon', 'Streaming'),
(371, 1, 'kazuki.s_music', 'Social Media'),
(372, 2, 'linnea_johansson_apple', 'Streaming'),
(372, 3, 'linnea.j_ig', 'Social Media'),
(373, 5, 'tariq_malik_ytmusic', 'Streaming'),
(373, 4, 'tariq.m_music', 'Social Media'),
(374, 1, 'natalia_popova_spotify', 'Streaming'),
(374, 2, 'natalia.p_ig', 'Social Media'),
(375, 3, 'ava_johnson_tidal', 'Streaming'),
(375, 5, 'ava.j_music', 'Social Media'),
(376, 4, 'elias_hansen_amazon', 'Streaming'),
(376, 1, 'elias.h_ig', 'Social Media'),
(377, 2, 'salma_rashid_apple', 'Streaming'),
(377, 3, 'salma.r_music', 'Social Media'),
(378, 5, 'rami_ali_ytmusic', 'Streaming'),
(378, 4, 'rami.a_ig', 'Social Media'),
(379, 1, 'alyssa_martin_spotify', 'Streaming'),
(379, 2, 'alyssa.m_ig', 'Social Media'),
(380, 3, 'renata_costa_tidal', 'Streaming'),
(380, 5, 'renata.c_music', 'Social Media'),
(381, 4, 'sara_muller_amazon', 'Streaming'),
(381, 1, 'sara.m_ig', 'Social Media'),
(382, 5, 'jiro_takahashi_ytmusic', 'Streaming'),
(382, 2, 'jiro.t_music', 'Social Media'),
(383, 3, 'amani_nasser_tidal', 'Streaming'),
(383, 4, 'amani.n_ig', 'Social Media'),
(384, 1, 'emil_svensson_spotify', 'Streaming'),
(384, 5, 'emil.s_ig', 'Social Media'),
(385, 2, 'leila_al-farsi_apple', 'Streaming'),
(385, 3, 'leila.a_music', 'Social Media'),
(386, 4, 'jamal_hussein_amazon', 'Streaming'),
(386, 5, 'jamal.h_ig', 'Social Media'),
(387, 1, 'elena_ivanov_spotify', 'Streaming'),
(387, 3, 'elena.i_music', 'Social Media'),
(388, 5, 'liam_muller_ytmusic', 'Streaming'),
(388, 4, 'liam.m_ig', 'Social Media'),
(389, 3, 'ayaan_rahman_tidal', 'Streaming'),
(389, 2, 'ayaan.r_music', 'Social Media'),
(390, 2, 'ingrid_weber_apple', 'Streaming'),
(390, 5, 'ingrid.w_ig', 'Social Media'),
(391, 4, 'carlos_silva_amazon', 'Streaming'),
(391, 1, 'carlos.s_music', 'Social Media'),
(392, 5, 'amina_mohamed_ytmusic', 'Streaming'),
(392, 3, 'amina.m_ig', 'Social Media'),
(393, 1, 'sofia_jensen_spotify', 'Streaming'),
(393, 2, 'sofia.j_music', 'Social Media'),
(394, 3, 'haruto_tanaka_tidal', 'Streaming'),
(394, 4, 'haruto.t_ig', 'Social Media'),
(395, 5, 'elina_lind_ytmusic', 'Streaming'),
(395, 2, 'elina.l_music', 'Social Media'),
(396, 4, 'max_martin_amazon', 'Streaming'),
(396, 1, 'max.m_ig', 'Social Media'),
(397, 3, 'yasir_ali_tidal', 'Streaming'),
(397, 5, 'yasir.a_music', 'Social Media'),
(398, 2, 'lena_jensen_apple', 'Streaming'),
(398, 3, 'lena.j_ig', 'Social Media'),
(399, 4, 'mustafa_rahim_amazon', 'Streaming'),
(399, 5, 'mustafa.r_music', 'Social Media'),
(400, 1, 'aisha_al-farsi_spotify', 'Streaming'),
(400, 3, 'aisha.a_ig', 'Social Media'),
(401, 2, 'takahiro_yamamoto_apple', 'Streaming'),
(401, 4, 'takahiro.y_music', 'Social Media'),
(402, 5, 'anna_svensson_ytmusic', 'Streaming'),
(402, 1, 'anna.s_ig', 'Social Media'),
(403, 4, 'nadia_khan_amazon', 'Streaming'),
(403, 2, 'nadia.k_music', 'Social Media'),
(404, 1, 'lina_schmidt_spotify', 'Streaming'),
(404, 5, 'lina.s_ig', 'Social Media'),
(405, 2, 'leo_jensen_apple', 'Streaming'),
(405, 4, 'leo.j_music', 'Social Media'),
(406, 5, 'miriam_weber_ytmusic', 'Streaming'),
(406, 3, 'miriam.w_ig', 'Social Media'),
(407, 4, 'zain_malik_amazon', 'Streaming'),
(407, 1, 'zain.m_music', 'Social Media'),
(408, 1, 'hanna_eriksson_spotify', 'Streaming'),
(408, 5, 'hanna.e_ig', 'Social Media'),
(409, 3, 'ali_hossain_tidal', 'Streaming'),
(409, 4, 'ali.h_music', 'Social Media'),
(410, 2, 'sara_weber_apple', 'Streaming'),
(410, 5, 'sara.w_ig', 'Social Media'),
(411, 4, 'kenta_sato_amazon', 'Streaming'),
(411, 3, 'kenta.s_music', 'Social Media'),
(412, 5, 'sami_nasser_ytmusic', 'Streaming'),
(412, 2, 'sami.n_ig', 'Social Media'),
(413, 1, 'aysha_zayed_spotify', 'Streaming'),
(413, 4, 'aysha.z_music', 'Social Media'),
(414, 2, 'lars_berg_apple', 'Streaming'),
(414, 5, 'lars.b_ig', 'Social Media'),
(415, 3, 'sahar_ali_tidal', 'Streaming'),
(415, 1, 'sahar.a_music', 'Social Media'),
(416, 4, 'elias_weber_amazon', 'Streaming'),
(416, 2, 'elias.w_ig', 'Social Media'),
(417, 5, 'rana_khoury_ytmusic', 'Streaming'),
(417, 1, 'rana.k_music', 'Social Media'),
(418, 3, 'liam_schmidt_tidal', 'Streaming'),
(418, 4, 'liam.s_ig', 'Social Media'),
(419, 2, 'amara_kaur_apple', 'Streaming'),
(419, 5, 'amara.k_music', 'Social Media'),
(420, 1, 'jens_olsson_spotify', 'Streaming'),
(420, 3, 'jens.o_ig', 'Social Media'),
(421, 4, 'salim_khan_amazon', 'Streaming'),
(421, 2, 'salim.k_music', 'Social Media'),
(422, 5, 'yara_zayed_ytmusic', 'Streaming'),
(422, 1, 'yara.z_ig', 'Social Media'),
(423, 3, 'ana_svensson_tidal', 'Streaming'),
(423, 4, 'ana.s_music', 'Social Media'),
(424, 2, 'daisuke_suzuki_apple', 'Streaming'),
(424, 5, 'daisuke.s_ig', 'Social Media'),
(425, 4, 'ava_schmidt_amazon', 'Streaming'),
(425, 1, 'ava.s_music', 'Social Media'),
(426, 3, 'mats_andersson_tidal', 'Streaming'),
(426, 2, 'mats.a_ig', 'Social Media'),
(427, 5, 'tariq_ahmed_ytmusic', 'Streaming'),
(427, 4, 'tariq.a_music', 'Social Media'),
(428, 1, 'ines_karlsson_spotify', 'Streaming'),
(428, 2, 'ines.k_ig', 'Social Media'),
(429, 3, 'ahmad_zaid_tidal', 'Streaming'),
(429, 5, 'ahmad.z_music', 'Social Media'),
(430, 4, 'amina_al-farsi_amazon', 'Streaming'),
(430, 1, 'amina.a_ig', 'Social Media'),
(431, 2, 'hiroshi_sato_apple', 'Streaming'),
(431, 3, 'hiroshi.s_music', 'Social Media'),
(432, 5, 'sofia_müller_ytmusic', 'Streaming'),
(432, 4, 'sofia.m_ig', 'Social Media'),
(433, 1, 'rami_hossain_spotify', 'Streaming'),
(433, 2, 'rami.h_ig', 'Social Media'),
(434, 3, 'nadia_ali_tidal', 'Streaming'),
(434, 5, 'nadia.a_music', 'Social Media'),
(435, 4, 'amara_schmidt_amazon', 'Streaming'),
(435, 1, 'amara.s_ig', 'Social Media'),
(436, 5, 'stefan_eriksson_ytmusic', 'Streaming'),
(436, 2, 'stefan.e_music', 'Social Media'),
(437, 2, 'lina_nasser_apple', 'Streaming'),
(437, 3, 'lina.n_ig', 'Social Media'),
(438, 1, 'niko_petrov_spotify', 'Streaming'),
(438, 4, 'niko.p_music', 'Social Media'),
(439, 3, 'zara_wilson_tidal', 'Streaming'),
(439, 5, 'zara.w_ig', 'Social Media'),
(440, 4, 'amelie_svensson_amazon', 'Streaming'),
(440, 1, 'amelie.s_music', 'Social Media'),
(441, 2, 'minoru_yamamoto_apple', 'Streaming'),
(441, 3, 'minoru.y_ig', 'Social Media'),
(442, 5, 'jana_zayed_ytmusic', 'Streaming'),
(442, 4, 'jana.z_music', 'Social Media'),
(443, 1, 'sami_khan_spotify', 'Streaming'),
(443, 2, 'sami.k_ig', 'Social Media'),
(444, 3, 'linnea_schmidt_tidal', 'Streaming'),
(444, 5, 'linnea.s_ig', 'Social Media'),
(445, 4, 'ali_nasser_amazon', 'Streaming'),
(445, 1, 'ali.n_music', 'Social Media'),
(446, 2, 'nina_weber_apple', 'Streaming'),
(446, 3, 'nina.w_ig', 'Social Media'),
(447, 5, 'mira_petrov_ytmusic', 'Streaming'),
(447, 4, 'mira.p_music', 'Social Media'),
(448, 1, 'lucas_schmidt_spotify', 'Streaming'),
(448, 2, 'lucas.s_ig', 'Social Media'),
(449, 3, 'rana_al-farsi_tidal', 'Streaming'),
(449, 5, 'rana.a_ig', 'Social Media'),
(450, 5, 'ingrid_svensson_ytmusic', 'Streaming'),
(450, 1, 'ingrid.s_music', 'Social Media'),
(451, 2, 'hassan_ali_apple', 'Streaming'),
(451, 4, 'hassan.a_ig', 'Social Media'),
(452, 3, 'emma_müller_tidal', 'Streaming'),
(452, 5, 'emma.m_ig', 'Social Media'),
(453, 1, 'alyssa_weber_spotify', 'Streaming'),
(453, 2, 'alyssa.w_music', 'Social Media'),
(454, 5, 'kaito_sato_ytmusic', 'Streaming'),
(454, 4, 'kaito.s_ig', 'Social Media'),
(455, 3, 'sara_johansson_tidal', 'Streaming'),
(455, 1, 'sara.j_music', 'Social Media'),
(456, 2, 'max_eriksson_apple', 'Streaming'),
(456, 4, 'max.e_ig', 'Social Media'),
(457, 4, 'sofia_ali_amazon', 'Streaming'),
(457, 5, 'sofia.a_ig', 'Social Media'),
(458, 1, 'mina_schmidt_spotify', 'Streaming'),
(458, 3, 'mina.s_ig', 'Social Media'),
(459, 2, 'yara_khan_apple', 'Streaming'),
(459, 5, 'yara.k_music', 'Social Media'),
(460, 5, 'aisha_al-mansour_ytmusic', 'Streaming'),
(460, 4, 'aisha.a_ig', 'Social Media'),
(461, 1, 'takashi_tanaka_spotify', 'Streaming'),
(461, 2, 'takashi.t_ig', 'Social Media'),
(462, 3, 'ella_berg_tidal', 'Streaming'),
(462, 5, 'ella.b_music', 'Social Media'),
(463, 5, 'niko_hossain_ytmusic', 'Streaming'),
(463, 4, 'niko.h_ig', 'Social Media'),
(464, 1, 'elena_weber_spotify', 'Streaming'),
(464, 3, 'elena.w_music', 'Social Media'),
(465, 2, 'ava_schmidt_apple', 'Streaming'),
(465, 4, 'ava.s_ig', 'Social Media'),
(466, 4, 'ali_nasser_amazon', 'Streaming'),
(466, 5, 'ali.n_music', 'Social Media'),
(467, 5, 'sana_khalid_ytmusic', 'Streaming'),
(467, 3, 'sana.k_ig', 'Social Media'),
(468, 2, 'hassan_youssef_apple', 'Streaming'),
(468, 1, 'hassan.y_music', 'Social Media'),
(469, 3, 'emma_schmidt_tidal', 'Streaming'),
(469, 4, 'emma.s_ig', 'Social Media'),
(470, 5, 'amelie_svensson_ytmusic', 'Streaming'),
(470, 1, 'amelie.s_music', 'Social Media'),
(471, 2, 'kaito_nakamura_apple', 'Streaming'),
(471, 3, 'kaito.n_ig', 'Social Media'),
(472, 4, 'sami_hossain_amazon', 'Streaming'),
(472, 5, 'sami.h_music', 'Social Media'),
(473, 1, 'yara_zayed_spotify', 'Streaming'),
(473, 2, 'yara.z_ig', 'Social Media'),
(474, 3, 'linnea_schmidt_tidal', 'Streaming'),
(474, 4, 'linnea.s_music', 'Social Media'),
(475, 2, 'mohammad_ali_apple', 'Streaming'),
(475, 1, 'mohammad.a_ig', 'Social Media'),
(476, 5, 'rami_weber_ytmusic', 'Streaming'),
(476, 4, 'rami.w_music', 'Social Media'),
(477, 4, 'ingrid_svensson_amazon', 'Streaming'),
(477, 3, 'ingrid.s_ig', 'Social Media'),
(478, 1, 'lina_müller_spotify', 'Streaming'),
(478, 2, 'lina.m_ig', 'Social Media'),
(479, 3, 'ali_nasser_tidal', 'Streaming'),
(479, 5, 'ali.n_music', 'Social Media'),
(480, 2, 'sara_weber_apple', 'Streaming'),
(480, 4, 'sara.w_ig', 'Social Media'),
(481, 5, 'takashi_yamamoto_ytmusic', 'Streaming'),
(481, 1, 'takashi.y_music', 'Social Media'),
(482, 4, 'amina_khan_amazon', 'Streaming'),
(482, 3, 'amina.k_ig', 'Social Media'),
(483, 1, 'sami_schmidt_spotify', 'Streaming'),
(483, 2, 'sami.s_ig', 'Social Media'),
(484, 5, 'liam_andersson_ytmusic', 'Streaming'),
(484, 4, 'liam.a_music', 'Social Media'),
(485, 2, 'ava_zayed_apple', 'Streaming'),
(485, 1, 'ava.z_ig', 'Social Media'),
(486, 3, 'max_weber_tidal', 'Streaming'),
(486, 5, 'max.w_music', 'Social Media'),
(487, 5, 'nadia_hossain_ytmusic', 'Streaming'),
(487, 4, 'nadia.h_ig', 'Social Media'),
(488, 1, 'emma_schmidt_spotify', 'Streaming'),
(488, 2, 'emma.s_ig', 'Social Media'),
(489, 3, 'ali_nasser_tidal', 'Streaming'),
(489, 5, 'ali.n_music', 'Social Media'),
(490, 4, 'sahar_ali_amazon', 'Streaming'),
(490, 1, 'sahar.a_ig', 'Social Media'),
(491, 5, 'kaito_tanaka_ytmusic', 'Streaming'),
(491, 2, 'kaito.t_ig', 'Social Media'),
(492, 2, 'mira_schmidt_apple', 'Streaming'),
(492, 3, 'mira.s_ig', 'Social Media'),
(493, 1, 'sami_hossain_spotify', 'Streaming'),
(493, 5, 'sami.h_ig', 'Social Media'),
(494, 3, 'lina_weber_tidal', 'Streaming'),
(494, 4, 'lina.w_music', 'Social Media'),
(495, 2, 'amara_schmidt_apple', 'Streaming'),
(495, 1, 'amara.s_ig', 'Social Media'),
(496, 4, 'mohammad_nasser_amazon', 'Streaming'),
(496, 5, 'mohammad.n_music', 'Social Media'),
(497, 5, 'yara_khalid_ytmusic', 'Streaming'),
(497, 3, 'yara.k_ig', 'Social Media'),
(498, 1, 'rami_youssef_spotify', 'Streaming'),
(498, 2, 'rami.y_ig', 'Social Media'),
(499, 2, 'emma_schmidt_apple', 'Streaming'),
(499, 4, 'emma.s_music', 'Social Media'),
(500, 3, 'alyssa_svensson_tidal', 'Streaming'),
(500, 5, 'alyssa.s_ig', 'Social Media'),
(501, 4, 'kazuki_yamamoto_amazon', 'Streaming'),
(501, 1, 'kazuki.y_music', 'Social Media'),
(502, 1, 'niko_ali_spotify', 'Streaming'),
(502, 5, 'niko.a_ig', 'Social Media'),
(503, 3, 'rana_zayed_tidal', 'Streaming'),
(503, 2, 'rana.z_music', 'Social Media'),
(504, 5, 'linnea_weber_ytmusic', 'Streaming'),
(504, 4, 'linnea.w_ig', 'Social Media'),
(505, 2, 'ali_hossain_apple', 'Streaming'),
(505, 1, 'ali.h_ig', 'Social Media'),
(506, 3, 'sami_weber_tidal', 'Streaming'),
(506, 5, 'sami.w_music', 'Social Media'),
(507, 4, 'ines_schmidt_amazon', 'Streaming'),
(507, 2, 'ines.s_ig', 'Social Media'),
(508, 5, 'liam_svensson_ytmusic', 'Streaming'),
(508, 1, 'liam.s_music', 'Social Media'),
(509, 3, 'amina_nasser_tidal', 'Streaming'),
(509, 4, 'amina.n_ig', 'Social Media'),
(510, 1, 'sahar_weber_spotify', 'Streaming'),
(510, 5, 'sahar.w_ig', 'Social Media'),
(511, 4, 'kenta_tanaka_amazon', 'Streaming'),
(511, 3, 'kenta.t_music', 'Social Media'),
(512, 3, 'yara_khan_tidal', 'Streaming'),
(512, 2, 'yara.k_ig', 'Social Media'),
(513, 5, 'mina_weber_ytmusic', 'Streaming'),
(513, 1, 'mina.w_music', 'Social Media'),
(514, 4, 'emma_schmidt_amazon', 'Streaming'),
(514, 2, 'emma.s_ig', 'Social Media'),
(515, 1, 'ali_nasser_spotify', 'Streaming'),
(515, 5, 'ali.n_ig', 'Social Media'),
(516, 2, 'sami_schmidt_apple', 'Streaming'),
(516, 3, 'sami.s_ig', 'Social Media'),
(517, 3, 'nadia_hossain_tidal', 'Streaming'),
(517, 5, 'nadia.h_ig', 'Social Media'),
(518, 4, 'amara_svensson_amazon', 'Streaming'),
(518, 1, 'amara.s_music', 'Social Media'),
(519, 5, 'hassan_ali_ytmusic', 'Streaming'),
(519, 2, 'hassan.a_ig', 'Social Media'),
(520, 2, 'sofia_weber_apple', 'Streaming'),
(520, 4, 'sofia.w_ig', 'Social Media'),
(521, 3, 'takeshi_yamamoto_tidal', 'Streaming'),
(521, 5, 'takeshi.y_music', 'Social Media'),
(522, 1, 'lina_schmidt_spotify', 'Streaming'),
(522, 2, 'lina.s_ig', 'Social Media'),
(523, 4, 'rami_hossain_amazon', 'Streaming'),
(523, 3, 'rami.h_music', 'Social Media'),
(524, 5, 'ava_weber_ytmusic', 'Streaming'),
(524, 1, 'ava.w_ig', 'Social Media'),
(525, 1, 'ali_nasser_spotify', 'Streaming'),
(525, 2, 'ali.n_ig', 'Social Media'),
(526, 3, 'sara_svensson_tidal', 'Streaming'),
(526, 4, 'sara.s_music', 'Social Media'),
(527, 5, 'yara_khalid_ytmusic', 'Streaming'),
(527, 3, 'yara.k_ig', 'Social Media'),
(528, 4, 'emma_youssef_amazon', 'Streaming'),
(528, 1, 'emma.y_music', 'Social Media'),
(529, 3, 'sami_schmidt_tidal', 'Streaming'),
(529, 2, 'sami.s_ig', 'Social Media'),
(530, 5, 'linnea_svensson_ytmusic', 'Streaming'),
(530, 4, 'linnea.s_ig', 'Social Media'),
(531, 2, 'takahiro_tanaka_apple', 'Streaming'),
(531, 1, 'takahiro.t_ig', 'Social Media'),
(532, 4, 'ali_hossain_amazon', 'Streaming'),
(532, 5, 'ali.h_music', 'Social Media'),
(533, 3, 'rana_zayed_tidal', 'Streaming'),
(533, 2, 'rana.z_ig', 'Social Media'),
(534, 1, 'mina_weber_spotify', 'Streaming'),
(534, 5, 'mina.w_ig', 'Social Media'),
(535, 5, 'mohammad_ali_ytmusic', 'Streaming'),
(535, 4, 'mohammad.a_music', 'Social Media'),
(536, 2, 'sahar_weber_apple', 'Streaming'),
(536, 1, 'sahar.w_ig', 'Social Media'),
(537, 3, 'ines_schmidt_tidal', 'Streaming'),
(537, 4, 'ines.s_music', 'Social Media'),
(538, 4, 'amina_svensson_amazon', 'Streaming'),
(538, 5, 'amina.s_ig', 'Social Media'),
(539, 1, 'ali_nasser_spotify', 'Streaming'),
(539, 2, 'ali.n_ig', 'Social Media'),
(540, 3, 'emma_weber_tidal', 'Streaming'),
(540, 4, 'emma.w_music', 'Social Media'),
(541, 5, 'kazuki_yamamoto_ytmusic', 'Streaming'),
(541, 1, 'kazuki.y_ig', 'Social Media'),
(542, 2, 'yara_khan_apple', 'Streaming'),
(542, 3, 'yara.k_ig', 'Social Media'),
(543, 4, 'sami_schmidt_amazon', 'Streaming'),
(543, 5, 'sami.s_ig', 'Social Media'),
(544, 5, 'liam_weber_ytmusic', 'Streaming'),
(544, 1, 'liam.w_ig', 'Social Media'),
(545, 2, 'alyssa_svensson_apple', 'Streaming'),
(545, 3, 'alyssa.s_ig', 'Social Media'),
(546, 4, 'niko_schmidt_amazon', 'Streaming'),
(546, 5, 'niko.s_ig', 'Social Media'),
(547, 1, 'sahar_hossain_spotify', 'Streaming'),
(547, 2, 'sahar.h_ig', 'Social Media'),
(548, 3, 'amara_weber_tidal', 'Streaming'),
(548, 4, 'amara.w_music', 'Social Media'),
(549, 5, 'ali_nasser_ytmusic', 'Streaming'),
(549, 1, 'ali.n_ig', 'Social Media'),
(550, 2, 'rami_ali_apple', 'Streaming'),
(550, 3, 'rami.a_ig', 'Social Media'),
(551, 4, 'takashi_tanaka_amazon', 'Streaming'),
(551, 5, 'takashi.t_ig', 'Social Media'),
(552, 5, 'linnea_schmidt_ytmusic', 'Streaming'),
(552, 2, 'linnea.s_ig', 'Social Media'),
(553, 2, 'mohammad_hossain_apple', 'Streaming'),
(553, 3, 'mohammad.h_ig', 'Social Media'),
(554, 1, 'emma_weber_spotify', 'Streaming'),
(554, 4, 'emma.w_music', 'Social Media'),
(555, 3, 'ava_nasser_tidal', 'Streaming'),
(555, 5, 'ava.n_ig', 'Social Media'),
(556, 4, 'sofia_svensson_amazon', 'Streaming'),
(556, 2, 'sofia.s_ig', 'Social Media'),
(557, 1, 'yara_khalid_spotify', 'Streaming'),
(557, 5, 'yara.k_ig', 'Social Media'),
(558, 5, 'sami_youssef_ytmusic', 'Streaming'),
(558, 4, 'sami.y_music', 'Social Media'),
(559, 2, 'ali_schmidt_apple', 'Streaming'),
(559, 3, 'ali.s_ig', 'Social Media'),
(560, 4, 'ines_weber_amazon', 'Streaming'),
(560, 5, 'ines.w_ig', 'Social Media'),
(561, 5, 'hiroshi_yamamoto_ytmusic', 'Streaming'),
(561, 2, 'hiroshi.y_ig', 'Social Media'),
(562, 3, 'sahar_ali_tidal', 'Streaming'),
(562, 1, 'sahar.a_music', 'Social Media'),
(563, 2, 'rana_zayed_apple', 'Streaming'),
(563, 4, 'rana.z_ig', 'Social Media'),
(564, 1, 'mina_weber_spotify', 'Streaming'),
(564, 3, 'mina.w_music', 'Social Media'),
(565, 5, 'ali_hossain_ytmusic', 'Streaming'),
(565, 4, 'ali.h_ig', 'Social Media'),
(566, 2, 'sami_weber_apple', 'Streaming'),
(566, 1, 'sami.w_ig', 'Social Media'),
(567, 3, 'emma_schmidt_tidal', 'Streaming'),
(567, 5, 'emma.s_music', 'Social Media'),
(568, 4, 'lina_svensson_amazon', 'Streaming'),
(568, 2, 'lina.s_ig', 'Social Media'),
(569, 5, 'ali_nasser_ytmusic', 'Streaming'),
(569, 1, 'ali.n_ig', 'Social Media'),
(570, 3, 'sahar_weber_tidal', 'Streaming'),
(570, 4, 'sahar.w_music', 'Social Media'),
(571, 2, 'kenta_tanaka_apple', 'Streaming'),
(571, 5, 'kenta.t_ig', 'Social Media'),
(572, 5, 'yara_khan_ytmusic', 'Streaming'),
(572, 3, 'yara.k_ig', 'Social Media'),
(573, 1, 'mina_schmidt_spotify', 'Streaming'),
(573, 4, 'mina.s_music', 'Social Media'),
(574, 4, 'alyssa_weber_amazon', 'Streaming'),
(574, 5, 'alyssa.w_ig', 'Social Media'),
(575, 2, 'ali_nasser_apple', 'Streaming'),
(575, 3, 'ali.n_ig', 'Social Media'),
(576, 5, 'sami_schmidt_ytmusic', 'Streaming'),
(576, 1, 'sami.s_music', 'Social Media'),
(577, 3, 'nadia_hossain_tidal', 'Streaming'),
(577, 4, 'nadia.h_ig', 'Social Media'),
(578, 1, 'amara_weber_spotify', 'Streaming'),
(578, 2, 'amara.w_music', 'Social Media'),
(579, 4, 'hassan_ali_amazon', 'Streaming'),
(579, 5, 'hassan.a_ig', 'Social Media'),
(580, 5, 'emma_weber_ytmusic', 'Streaming'),
(580, 3, 'emma.w_ig', 'Social Media'),
(581, 2, 'takeshi_yamamoto_apple', 'Streaming'),
(581, 4, 'takeshi.y_music', 'Social Media'),
(582, 1, 'linnea_schmidt_spotify', 'Streaming'),
(582, 5, 'linnea.s_ig', 'Social Media'),
(583, 3, 'rami_hossain_tidal', 'Streaming'),
(583, 2, 'rami.h_music', 'Social Media'),
(584, 4, 'ava_weber_amazon', 'Streaming'),
(584, 5, 'ava.w_ig', 'Social Media'),
(585, 5, 'ali_nasser_ytmusic', 'Streaming'),
(585, 1, 'ali.n_ig', 'Social Media'),
(586, 2, 'sara_svensson_apple', 'Streaming'),
(586, 3, 'sara.s_ig', 'Social Media'),
(587, 4, 'yara_khalid_amazon', 'Streaming'),
(587, 5, 'yara.k_ig', 'Social Media'),
(588, 1, 'emma_youssef_spotify', 'Streaming'),
(588, 2, 'emma.y_music', 'Social Media'),
(589, 5, 'sami_schmidt_ytmusic', 'Streaming'),
(589, 4, 'sami.s_ig', 'Social Media'),
(590, 2, 'linnea_svensson_apple', 'Streaming'),
(590, 3, 'linnea.s_ig', 'Social Media'),
(591, 1, 'takahiro_tanaka_spotify', 'Streaming'),
(591, 5, 'takahiro.t_ig', 'Social Media'),
(592, 3, 'ali_hossain_tidal', 'Streaming'),
(592, 4, 'ali.h_music', 'Social Media'),
(593, 5, 'rana_zayed_ytmusic', 'Streaming'),
(593, 2, 'rana.z_ig', 'Social Media'),
(594, 4, 'mina_weber_amazon', 'Streaming'),
(594, 3, 'mina.w_ig', 'Social Media'),
(595, 1, 'mohammad_ali_spotify', 'Streaming'),
(595, 2, 'mohammad.a_ig', 'Social Media'),
(596, 5, 'sahar_weber_ytmusic', 'Streaming'),
(596, 4, 'sahar.w_music', 'Social Media'),
(597, 2, 'ines_schmidt_apple', 'Streaming'),
(597, 3, 'ines.s_ig', 'Social Media'),
(598, 4, 'amina_svensson_amazon', 'Streaming'),
(598, 5, 'amina.s_ig', 'Social Media'),
(599, 1, 'ali_nasser_spotify', 'Streaming'),
(599, 3, 'ali.n_ig', 'Social Media'),
(600, 5, 'emma_weber_ytmusic', 'Streaming'),
(600, 4, 'emma.w_music', 'Social Media'),
(601, 2, 'kazuki_yamamoto_apple', 'Streaming'),
(601, 5, 'kazuki.y_ig', 'Social Media'),
(602, 1, 'yara_khan_spotify', 'Streaming'),
(602, 4, 'yara.k_music', 'Social Media'),
(603, 3, 'sami_schmidt_tidal', 'Streaming'),
(603, 2, 'sami.s_ig', 'Social Media'),
(604, 5, 'liam_weber_ytmusic', 'Streaming'),
(604, 1, 'liam.w_ig', 'Social Media'),
(605, 4, 'alyssa_svensson_amazon', 'Streaming'),
(605, 2, 'alyssa.s_ig', 'Social Media'),
(606, 3, 'niko_schmidt_tidal', 'Streaming'),
(606, 5, 'niko.s_ig', 'Social Media'),
(607, 1, 'sahar_hossain_spotify', 'Streaming'),
(607, 2, 'sahar.h_ig', 'Social Media'),
(608, 4, 'amara_weber_amazon', 'Streaming'),
(608, 5, 'amara.w_ig', 'Social Media'),
(609, 2, 'ali_nasser_apple', 'Streaming'),
(609, 3, 'ali.n_ig', 'Social Media'),
(610, 5, 'rami_ali_ytmusic', 'Streaming'),
(610, 1, 'rami.a_music', 'Social Media'),
(611, 4, 'takashi_tanaka_amazon', 'Streaming'),
(611, 3, 'takashi.t_ig', 'Social Media'),
(612, 2, 'linnea_schmidt_apple', 'Streaming'),
(612, 5, 'linnea.s_ig', 'Social Media'),
(613, 1, 'mohammad_hossain_spotify', 'Streaming'),
(613, 4, 'mohammad.h_music', 'Social Media'),
(614, 3, 'emma_weber_tidal', 'Streaming'),
(614, 2, 'emma.w_ig', 'Social Media'),
(615, 5, 'ava_nasser_ytmusic', 'Streaming'),
(615, 4, 'ava.n_music', 'Social Media'),
(616, 2, 'sofia_svensson_apple', 'Streaming'),
(616, 3, 'sofia.s_ig', 'Social Media'),
(617, 4, 'yara_khalid_amazon', 'Streaming'),
(617, 5, 'yara.k_ig', 'Social Media'),
(618, 1, 'sami_youssef_spotify', 'Streaming'),
(618, 2, 'sami.y_ig', 'Social Media'),
(619, 3, 'ali_schmidt_tidal', 'Streaming'),
(619, 5, 'ali.s_ig', 'Social Media'),
(620, 4, 'ines_weber_amazon', 'Streaming'),
(620, 2, 'ines.w_ig', 'Social Media'),
(621, 1, 'hiroshi_yamamoto_spotify', 'Streaming'),
(621, 5, 'hiroshi.y_ig', 'Social Media'),
(622, 3, 'sahar_ali_tidal', 'Streaming'),
(622, 4, 'sahar.a_music', 'Social Media'),
(623, 2, 'rana_zayed_apple', 'Streaming'),
(623, 1, 'rana.z_ig', 'Social Media'),
(624, 5, 'mina_weber_ytmusic', 'Streaming'),
(624, 3, 'mina.w_music', 'Social Media'),
(625, 4, 'ali_hossain_amazon', 'Streaming'),
(625, 2, 'ali.h_ig', 'Social Media'),
(626, 1, 'sami_weber_spotify', 'Streaming'),
(626, 5, 'sami.w_ig', 'Social Media'),
(627, 3, 'emma_schmidt_tidal', 'Streaming'),
(627, 4, 'emma.s_music', 'Social Media'),
(628, 5, 'lina_svensson_ytmusic', 'Streaming'),
(628, 1, 'lina.s_ig', 'Social Media'),
(629, 4, 'ali_nasser_amazon', 'Streaming'),
(629, 2, 'ali.n_ig', 'Social Media'),
(630, 3, 'sahar_weber_tidal', 'Streaming'),
(630, 5, 'sahar.w_music', 'Social Media'),
(631, 2, 'kenta_tanaka_apple', 'Streaming'),
(631, 1, 'kenta.t_ig', 'Social Media'),
(632, 4, 'yara_khan_amazon', 'Streaming'),
(632, 3, 'yara.k_music', 'Social Media'),
(633, 1, 'mina_schmidt_spotify', 'Streaming'),
(633, 5, 'mina.s_ig', 'Social Media'),
(634, 3, 'alyssa_weber_tidal', 'Streaming'),
(634, 2, 'alyssa.w_music', 'Social Media'),
(635, 5, 'ali_nasser_ytmusic', 'Streaming'),
(635, 4, 'ali.n_ig', 'Social Media'),
(636, 2, 'sami_schmidt_apple', 'Streaming'),
(636, 1, 'sami.s_ig', 'Social Media'),
(637, 4, 'nadia_hossain_amazon', 'Streaming'),
(637, 3, 'nadia.h_music', 'Social Media'),
(638, 5, 'amara_weber_ytmusic', 'Streaming'),
(638, 2, 'amara.w_ig', 'Social Media'),
(639, 3, 'hassan_ali_tidal', 'Streaming'),
(639, 4, 'hassan.a_music', 'Social Media'),
(640, 1, 'emma_weber_spotify', 'Streaming'),
(640, 5, 'emma.w_ig', 'Social Media'),
(641, 4, 'takeshi_yamamoto_amazon', 'Streaming'),
(641, 2, 'takeshi.y_music', 'Social Media'),
(642, 5, 'linnea_schmidt_ytmusic', 'Streaming'),
(642, 3, 'linnea.s_ig', 'Social Media'),
(643, 1, 'rami_hossain_spotify', 'Streaming'),
(643, 2, 'rami.h_ig', 'Social Media'),
(644, 3, 'ava_weber_tidal', 'Streaming'),
(644, 4, 'ava.w_music', 'Social Media'),
(645, 5, 'ali_nasser_ytmusic', 'Streaming'),
(645, 2, 'ali.n_ig', 'Social Media'),
(646, 4, 'sara_svensson_amazon', 'Streaming'),
(646, 1, 'sara.s_music', 'Social Media'),
(647, 3, 'yara_khalid_tidal', 'Streaming'),
(647, 5, 'yara.k_music', 'Social Media'),
(648, 1, 'emma_youssef_spotify', 'Streaming'),
(648, 2, 'emma.y_ig', 'Social Media'),
(649, 5, 'sami_schmidt_ytmusic', 'Streaming'),
(649, 4, 'sami.s_music', 'Social Media'),
(650, 2, 'linnea_svensson_apple', 'Streaming'),
(650, 3, 'linnea.s_ig', 'Social Media'),
(651, 1, 'takahiro_tanaka_spotify', 'Streaming'),
(651, 5, 'takahiro.t_ig', 'Social Media'),
(652, 3, 'ali_hossain_tidal', 'Streaming'),
(652, 4, 'ali.h_music', 'Social Media'),
(653, 2, 'rana_zayed_apple', 'Streaming'),
(653, 1, 'rana.z_ig', 'Social Media'),
(654, 5, 'mina_weber_ytmusic', 'Streaming'),
(654, 3, 'mina.w_music', 'Social Media'),
(655, 4, 'mohammad_ali_amazon', 'Streaming'),
(655, 2, 'mohammad.a_ig', 'Social Media'),
(656, 1, 'sahar_weber_spotify', 'Streaming'),
(656, 5, 'sahar.w_ig', 'Social Media'),
(657, 3, 'ines_schmidt_tidal', 'Streaming'),
(657, 4, 'ines.s_music', 'Social Media'),
(658, 5, 'amina_svensson_ytmusic', 'Streaming'),
(658, 2, 'amina.s_ig', 'Social Media'),
(659, 2, 'ali_nasser_apple', 'Streaming'),
(659, 3, 'ali.n_ig', 'Social Media'),
(660, 4, 'emma_weber_amazon', 'Streaming'),
(660, 1, 'emma.w_music', 'Social Media'),
(661, 3, 'kazuki_yamamoto_tidal', 'Streaming'),
(661, 5, 'kazuki.y_music', 'Social Media'),
(662, 1, 'yara_khan_spotify', 'Streaming'),
(662, 2, 'yara.k_ig', 'Social Media'),
(663, 5, 'sami_schmidt_ytmusic', 'Streaming'),
(663, 4, 'sami.s_music', 'Social Media'),
(664, 4, 'liam_weber_amazon', 'Streaming'),
(664, 3, 'liam.w_ig', 'Social Media'),
(665, 5, 'alyssa_svensson_ytmusic', 'Streaming'),
(665, 2, 'alyssa.s_ig', 'Social Media'),
(666, 1, 'niko_schmidt_spotify', 'Streaming'),
(666, 4, 'niko.s_music', 'Social Media'),
(667, 3, 'sahar_hossain_tidal', 'Streaming'),
(667, 5, 'sahar.h_music', 'Social Media'),
(668, 2, 'amara_weber_apple', 'Streaming'),
(668, 1, 'amara.w_ig', 'Social Media'),
(669, 5, 'ali_nasser_ytmusic', 'Streaming'),
(669, 4, 'ali.n_ig', 'Social Media'),
(670, 1, 'rami_ali_spotify', 'Streaming'),
(670, 2, 'rami.a_ig', 'Social Media'),
(671, 4, 'takashi_tanaka_amazon', 'Streaming'),
(671, 5, 'takashi.t_ig', 'Social Media'),
(672, 5, 'linnea_schmidt_ytmusic', 'Streaming'),
(672, 3, 'linnea.s_ig', 'Social Media'),
(673, 2, 'mohammad_hossain_apple', 'Streaming'),
(673, 4, 'mohammad.h_ig', 'Social Media'),
(674, 1, 'emma_weber_spotify', 'Streaming'),
(674, 5, 'emma.w_music', 'Social Media'),
(675, 4, 'ava_nasser_amazon', 'Streaming'),
(675, 2, 'ava.n_ig', 'Social Media'),
(676, 5, 'sofia_svensson_ytmusic', 'Streaming'),
(676, 3, 'sofia.s_ig', 'Social Media'),
(677, 2, 'yara_khalid_apple', 'Streaming'),
(677, 1, 'yara.k_ig', 'Social Media'),
(678, 5, 'sami_youssef_ytmusic', 'Streaming'),
(678, 4, 'sami.y_music', 'Social Media'),
(679, 1, 'ali_schmidt_spotify', 'Streaming'),
(679, 3, 'ali.s_ig', 'Social Media'),
(680, 2, 'ines_weber_apple', 'Streaming'),
(680, 5, 'ines.w_ig', 'Social Media'),
(681, 4, 'hiroshi_yamamoto_amazon', 'Streaming'),
(681, 3, 'hiroshi.y_ig', 'Social Media'),
(682, 5, 'sahar_ali_ytmusic', 'Streaming'),
(682, 2, 'sahar.a_ig', 'Social Media'),
(683, 1, 'rana_zayed_spotify', 'Streaming'),
(683, 4, 'rana.z_music', 'Social Media'),
(684, 2, 'mina_weber_apple', 'Streaming'),
(684, 3, 'mina.w_ig', 'Social Media'),
(685, 4, 'ali_hossain_amazon', 'Streaming'),
(685, 5, 'ali.h_music', 'Social Media'),
(686, 5, 'sami_weber_ytmusic', 'Streaming'),
(686, 1, 'sami.w_ig', 'Social Media'),
(687, 3, 'emma_schmidt_tidal', 'Streaming'),
(687, 2, 'emma.s_music', 'Social Media'),
(688, 1, 'lina_svensson_spotify', 'Streaming'),
(688, 5, 'lina.s_ig', 'Social Media'),
(689, 2, 'ali_nasser_apple', 'Streaming'),
(689, 4, 'ali.n_ig', 'Social Media'),
(690, 4, 'sahar_weber_amazon', 'Streaming'),
(690, 3, 'sahar.w_music', 'Social Media'),
(691, 1, 'kenta_tanaka_spotify', 'Streaming'),
(691, 5, 'kenta.t_ig', 'Social Media'),
(692, 3, 'yara_khan_tidal', 'Streaming'),
(692, 2, 'yara.k_music', 'Social Media'),
(693, 5, 'mina_schmidt_ytmusic', 'Streaming'),
(693, 4, 'mina.s_ig', 'Social Media'),
(694, 2, 'alyssa_weber_apple', 'Streaming'),
(694, 1, 'alyssa.w_music', 'Social Media'),
(695, 5, 'ali_nasser_ytmusic', 'Streaming'),
(695, 3, 'ali.n_ig', 'Social Media'),
(696, 4, 'sami_schmidt_amazon', 'Streaming'),
(696, 5, 'sami.s_music', 'Social Media'),
(697, 3, 'nadia_hossain_tidal', 'Streaming'),
(697, 2, 'nadia.h_ig', 'Social Media'),
(698, 2, 'amara_weber_apple', 'Streaming'),
(698, 1, 'amara.w_music', 'Social Media'),
(699, 5, 'hassan_ali_ytmusic', 'Streaming'),
(699, 4, 'hassan.a_ig', 'Social Media'),
(700, 1, 'emma_weber_spotify', 'Streaming'),
(700, 3, 'emma.w_ig', 'Social Media'),
(701, 4, 'takeshi_yamamoto_amazon', 'Streaming'),
(701, 5, 'takeshi.y_music', 'Social Media'),
(702, 5, 'linnea_schmidt_ytmusic', 'Streaming'),
(702, 2, 'linnea.s_ig', 'Social Media'),
(703, 2, 'rami_hossain_apple', 'Streaming'),
(703, 3, 'rami.h_music', 'Social Media'),
(704, 1, 'ava_weber_spotify', 'Streaming'),
(704, 4, 'ava.w_ig', 'Social Media'),
(705, 5, 'ali_nasser_ytmusic', 'Streaming'),
(705, 2, 'ali.n_ig', 'Social Media'),
(706, 3, 'sara_svensson_tidal', 'Streaming'),
(706, 4, 'sara.s_music', 'Social Media'),
(707, 1, 'yara_khalid_spotify', 'Streaming'),
(707, 5, 'yara.k_ig', 'Social Media'),
(708, 4, 'emma_youssef_amazon', 'Streaming'),
(708, 3, 'emma.y_music', 'Social Media'),
(709, 5, 'sami_schmidt_ytmusic', 'Streaming'),
(709, 1, 'sami.s_ig', 'Social Media'),
(710, 2, 'linnea_svensson_apple', 'Streaming'),
(710, 5, 'linnea.s_ig', 'Social Media'),
(711, 1, 'takahiro_tanaka_spotify', 'Streaming'),
(711, 3, 'takahiro.t_ig', 'Social Media'),
(712, 3, 'ali_hossain_tidal', 'Streaming'),
(712, 4, 'ali.h_music', 'Social Media'),
(713, 5, 'rana_zayed_ytmusic', 'Streaming'),
(713, 2, 'rana.z_ig', 'Social Media'),
(714, 4, 'mina_weber_amazon', 'Streaming'),
(714, 1, 'mina.w_music', 'Social Media'),
(715, 2, 'mohammad_ali_apple', 'Streaming'),
(715, 5, 'mohammad.a_ig', 'Social Media'),
(716, 5, 'sahar_weber_ytmusic', 'Streaming'),
(716, 4, 'sahar.w_music', 'Social Media'),
(717, 3, 'ines_schmidt_tidal', 'Streaming'),
(717, 2, 'ines.s_music', 'Social Media'),
(718, 4, 'amina_svensson_amazon', 'Streaming'),
(718, 5, 'amina.s_ig', 'Social Media'),
(719, 5, 'ali_nasser_ytmusic', 'Streaming'),
(719, 1, 'ali.n_ig', 'Social Media'),
(720, 2, 'emma_weber_apple', 'Streaming'),
(720, 3, 'emma.w_music', 'Social Media'),
(721, 4, 'kazuki_yamamoto_amazon', 'Streaming'),
(721, 5, 'kazuki.y_music', 'Social Media'),
(722, 1, 'yara_khan_spotify', 'Streaming'),
(722, 3, 'yara.k_ig', 'Social Media'),
(723, 3, 'sami_schmidt_tidal', 'Streaming'),
(723, 4, 'sami.s_music', 'Social Media'),
(724, 5, 'liam_weber_ytmusic', 'Streaming'),
(724, 1, 'liam.w_ig', 'Social Media'),
(725, 2, 'alyssa_svensson_apple', 'Streaming'),
(725, 3, 'alyssa.s_ig', 'Social Media'),
(726, 3, 'niko_schmidt_tidal', 'Streaming'),
(726, 4, 'niko.s_music', 'Social Media'),
(727, 5, 'sahar_hossain_ytmusic', 'Streaming'),
(727, 1, 'sahar.h_ig', 'Social Media'),
(728, 2, 'amara_weber_apple', 'Streaming'),
(728, 5, 'amara.w_music', 'Social Media'),
(729, 3, 'ali_nasser_tidal', 'Streaming'),
(729, 4, 'ali.n_ig', 'Social Media'),
(730, 5, 'rami_ali_ytmusic', 'Streaming'),
(730, 1, 'rami.a_music', 'Social Media'),
(731, 4, 'takashi_tanaka_amazon', 'Streaming'),
(731, 5, 'takashi.t_ig', 'Social Media'),
(732, 1, 'linnea_schmidt_spotify', 'Streaming'),
(732, 2, 'linnea.s_ig', 'Social Media'),
(733, 3, 'mohammad_hossain_tidal', 'Streaming'),
(733, 4, 'mohammad.h_music', 'Social Media'),
(734, 5, 'emma_weber_ytmusic', 'Streaming'),
(734, 1, 'emma.w_ig', 'Social Media'),
(735, 2, 'ava_nasser_apple', 'Streaming'),
(735, 5, 'ava.n_music', 'Social Media'),
(736, 3, 'sofia_svensson_tidal', 'Streaming'),
(736, 4, 'sofia.s_music', 'Social Media'),
(737, 5, 'yara_khalid_ytmusic', 'Streaming'),
(737, 1, 'yara.k_ig', 'Social Media'),
(738, 2, 'sami_youssef_apple', 'Streaming'),
(738, 3, 'sami.y_music', 'Social Media'),
(739, 4, 'ali_schmidt_amazon', 'Streaming'),
(739, 5, 'ali.s_ig', 'Social Media'),
(740, 5, 'ines_weber_ytmusic', 'Streaming'),
(740, 1, 'ines.w_ig', 'Social Media'),
(741, 2, 'hiroshi_yamamoto_apple', 'Streaming'),
(741, 3, 'hiroshi.y_music', 'Social Media'),
(742, 4, 'sahar_ali_amazon', 'Streaming'),
(742, 5, 'sahar.a_ig', 'Social Media'),
(743, 1, 'rana_zayed_spotify', 'Streaming'),
(743, 2, 'rana.z_ig', 'Social Media'),
(744, 5, 'mina_weber_ytmusic', 'Streaming'),
(744, 3, 'mina.w_music', 'Social Media'),
(745, 4, 'ali_hossain_amazon', 'Streaming'),
(745, 1, 'ali.h_music', 'Social Media'),
(746, 2, 'sami_weber_apple', 'Streaming'),
(746, 5, 'sami.w_ig', 'Social Media'),
(747, 3, 'emma_schmidt_tidal', 'Streaming'),
(747, 4, 'emma.s_music', 'Social Media'),
(748, 5, 'lina_svensson_ytmusic', 'Streaming'),
(748, 2, 'lina.s_ig', 'Social Media'),
(749, 1, 'ali_nasser_spotify', 'Streaming'),
(749, 3, 'ali.n_ig', 'Social Media'),
(750, 4, 'sahar_weber_amazon', 'Streaming'),
(750, 5, 'sahar.w_music', 'Social Media'),
(751, 2, 'kenta_tanaka_apple', 'Streaming'),
(751, 1, 'kenta.t_ig', 'Social Media'),
(752, 5, 'yara_khan_ytmusic', 'Streaming'),
(752, 3, 'yara.k_ig', 'Social Media'),
(753, 4, 'mina_schmidt_amazon', 'Streaming'),
(753, 2, 'mina.s_ig', 'Social Media'),
(754, 3, 'alyssa_weber_tidal', 'Streaming'),
(754, 1, 'alyssa.w_music', 'Social Media'),
(755, 4, 'ali_nasser_amazon', 'Streaming'),
(755, 5, 'ali.n_ig', 'Social Media'),
(756, 1, 'sami_schmidt_spotify', 'Streaming'),
(756, 3, 'sami.s_ig', 'Social Media'),
(757, 2, 'nadia_hossain_apple', 'Streaming'),
(757, 4, 'nadia.h_music', 'Social Media'),
(758, 5, 'amara_weber_ytmusic', 'Streaming'),
(758, 3, 'amara.w_ig', 'Social Media'),
(759, 4, 'hassan_ali_amazon', 'Streaming'),
(759, 1, 'hassan.a_ig', 'Social Media'),
(760, 2, 'emma_weber_apple', 'Streaming'),
(760, 5, 'emma.w_music', 'Social Media'),
(761, 3, 'takeshi_yamamoto_tidal', 'Streaming'),
(761, 4, 'takeshi.y_music', 'Social Media'),
(762, 5, 'linnea_schmidt_ytmusic', 'Streaming'),
(762, 1, 'linnea.s_ig', 'Social Media'),
(763, 4, 'rami_hossain_amazon', 'Streaming'),
(763, 2, 'rami.h_music', 'Social Media'),
(764, 1, 'ava_weber_spotify', 'Streaming'),
(764, 5, 'ava.w_ig', 'Social Media'),
(765, 2, 'ali_nasser_apple', 'Streaming'),
(765, 3, 'ali.n_ig', 'Social Media'),
(766, 5, 'sara_svensson_ytmusic', 'Streaming'),
(766, 4, 'sara.s_music', 'Social Media'),
(767, 3, 'yara_khalid_tidal', 'Streaming'),
(767, 1, 'yara.k_ig', 'Social Media'),
(768, 2, 'emma_youssef_apple', 'Streaming'),
(768, 5, 'emma.y_music', 'Social Media'),
(769, 4, 'sami_schmidt_amazon', 'Streaming'),
(769, 3, 'sami.s_ig', 'Social Media'),
(770, 5, 'linnea_svensson_ytmusic', 'Streaming'),
(770, 1, 'linnea.s_ig', 'Social Media'),
(771, 2, 'takahiro_tanaka_apple', 'Streaming'),
(771, 5, 'takahiro.t_ig', 'Social Media'),
(772, 3, 'ali_hossain_tidal', 'Streaming'),
(772, 4, 'ali.h_music', 'Social Media'),
(773, 1, 'rana_zayed_spotify', 'Streaming'),
(773, 2, 'rana.z_ig', 'Social Media'),
(774, 4, 'mina_weber_amazon', 'Streaming'),
(774, 5, 'mina.w_music', 'Social Media'),
(775, 3, 'mohammad_ali_tidal', 'Streaming'),
(775, 1, 'mohammad.a_ig', 'Social Media'),
(776, 2, 'sahar_weber_apple', 'Streaming'),
(776, 5, 'sahar.w_ig', 'Social Media'),
(777, 4, 'ines_schmidt_amazon', 'Streaming'),
(777, 3, 'ines.s_music', 'Social Media'),
(778, 1, 'amina_svensson_spotify', 'Streaming'),
(778, 2, 'amina.s_ig', 'Social Media'),
(779, 5, 'ali_nasser_ytmusic', 'Streaming'),
(779, 4, 'ali.n_ig', 'Social Media'),
(780, 2, 'emma_weber_apple', 'Streaming'),
(780, 3, 'emma.w_music', 'Social Media'),
(781, 1, 'kazuki_yamamoto_spotify', 'Streaming'),
(781, 5, 'kazuki.y_ig', 'Social Media'),
(782, 4, 'yara_khan_amazon', 'Streaming'),
(782, 2, 'yara.k_music', 'Social Media'),
(783, 5, 'sami_schmidt_ytmusic', 'Streaming'),
(783, 1, 'sami.s_ig', 'Social Media'),
(784, 3, 'liam_weber_tidal', 'Streaming'),
(784, 4, 'liam.w_music', 'Social Media'),
(785, 2, 'alyssa_svensson_apple', 'Streaming'),
(785, 5, 'alyssa.s_ig', 'Social Media'),
(786, 1, 'niko_schmidt_spotify', 'Streaming'),
(786, 3, 'niko.s_music', 'Social Media'),
(787, 4, 'sahar_hossain_amazon', 'Streaming'),
(787, 5, 'sahar.h_ig', 'Social Media'),
(788, 3, 'amara_weber_tidal', 'Streaming'),
(788, 2, 'amara.w_music', 'Social Media'),
(789, 5, 'ali_nasser_ytmusic', 'Streaming'),
(789, 1, 'ali.n_ig', 'Social Media'),
(790, 2, 'rami_ali_apple', 'Streaming'),
(790, 4, 'rami.a_music', 'Social Media'),
(791, 3, 'takashi_tanaka_tidal', 'Streaming'),
(791, 5, 'takashi.t_ig', 'Social Media'),
(792, 4, 'linnea_schmidt_amazon', 'Streaming'),
(792, 1, 'linnea.s_ig', 'Social Media'),
(793, 2, 'mohammad_hossain_apple', 'Streaming'),
(793, 5, 'mohammad.h_ig', 'Social Media'),
(794, 1, 'emma_weber_spotify', 'Streaming'),
(794, 3, 'emma.w_music', 'Social Media'),
(795, 5, 'ava_nasser_ytmusic', 'Streaming'),
(795, 4, 'ava.n_ig', 'Social Media'),
(796, 2, 'sofia_svensson_apple', 'Streaming'),
(796, 1, 'sofia.s_music', 'Social Media'),
(797, 3, 'yara_khalid_tidal', 'Streaming'),
(797, 5, 'yara.k_ig', 'Social Media'),
(798, 4, 'sami_youssef_amazon', 'Streaming'),
(798, 2, 'sami.y_music', 'Social Media'),
(799, 5, 'ali_schmidt_ytmusic', 'Streaming'),
(799, 1, 'ali.s_ig', 'Social Media'),
(800, 3, 'ines_weber_tidal', 'Streaming'),
(800, 4, 'ines.w_music', 'Social Media'),
(801, 2, 'hiroshi_yamamoto_apple', 'Streaming'),
(801, 5, 'hiroshi.y_ig', 'Social Media'),
(802, 1, 'sahar_ali_spotify', 'Streaming'),
(802, 3, 'sahar.a_music', 'Social Media'),
(803, 4, 'rana_zayed_amazon', 'Streaming'),
(803, 5, 'rana.z_ig', 'Social Media'),
(804, 3, 'mina_weber_tidal', 'Streaming'),
(804, 1, 'mina.w_music', 'Social Media'),
(805, 2, 'ali_hossain_apple', 'Streaming'),
(805, 5, 'ali.h_ig', 'Social Media'),
(806, 5, 'sami_weber_ytmusic', 'Streaming'),
(806, 4, 'sami.w_music', 'Social Media'),
(807, 3, 'emma_schmidt_tidal', 'Streaming'),
(807, 2, 'emma.s_music', 'Social Media'),
(808, 4, 'lina_svensson_amazon', 'Streaming'),
(808, 5, 'lina.s_ig', 'Social Media'),
(809, 2, 'ali_nasser_apple', 'Streaming'),
(809, 1, 'ali.n_ig', 'Social Media'),
(810, 5, 'sahar_weber_ytmusic', 'Streaming'),
(810, 3, 'sahar.w_music', 'Social Media'),
(811, 4, 'kenta_tanaka_amazon', 'Streaming'),
(811, 2, 'kenta.t_music', 'Social Media'),
(812, 1, 'yara_khan_spotify', 'Streaming'),
(812, 5, 'yara.k_ig', 'Social Media'),
(813, 2, 'mina_schmidt_apple', 'Streaming'),
(813, 3, 'mina.s_music', 'Social Media'),
(814, 4, 'alyssa_weber_amazon', 'Streaming'),
(814, 5, 'alyssa.w_ig', 'Social Media'),
(815, 3, 'ali_nasser_tidal', 'Streaming'),
(815, 1, 'ali.n_ig', 'Social Media'),
(816, 5, 'sami_schmidt_ytmusic', 'Streaming'),
(816, 2, 'sami.s_ig', 'Social Media'),
(817, 4, 'nadia_hossain_amazon', 'Streaming'),
(817, 3, 'nadia.h_music', 'Social Media'),
(818, 5, 'amara_weber_ytmusic', 'Streaming'),
(818, 1, 'amara.w_ig', 'Social Media'),
(819, 3, 'hassan_ali_tidal', 'Streaming'),
(819, 4, 'hassan.a_music', 'Social Media'),
(820, 2, 'emma_weber_apple', 'Streaming'),
(820, 5, 'emma.w_music', 'Social Media'),
(821, 1, 'takeshi_yamamoto_spotify', 'Streaming'),
(821, 3, 'takeshi.y_music', 'Social Media'),
(822, 4, 'linnea_schmidt_amazon', 'Streaming'),
(822, 5, 'linnea.s_ig', 'Social Media'),
(823, 2, 'rami_hossain_apple', 'Streaming'),
(823, 1, 'rami.h_music', 'Social Media'),
(824, 4, 'ava_weber_amazon', 'Streaming'),
(824, 3, 'ava.w_music', 'Social Media'),
(825, 5, 'ali_nasser_ytmusic', 'Streaming'),
(825, 2, 'ali.n_ig', 'Social Media'),
(826, 4, 'sara_svensson_amazon', 'Streaming'),
(826, 5, 'sara.s_ig', 'Social Media'),
(827, 2, 'yara_khalid_apple', 'Streaming'),
(827, 3, 'yara.k_music', 'Social Media'),
(828, 5, 'emma_youssef_ytmusic', 'Streaming'),
(828, 4, 'emma.y_ig', 'Social Media'),
(829, 1, 'sami_schmidt_spotify', 'Streaming'),
(829, 2, 'sami.s_ig', 'Social Media'),
(830, 3, 'linnea_svensson_tidal', 'Streaming'),
(830, 5, 'linnea.s_ig', 'Social Media'),
(831, 4, 'takahiro_tanaka_amazon', 'Streaming'),
(831, 1, 'takahiro.t_music', 'Social Media'),
(832, 3, 'ali_hossain_tidal', 'Streaming'),
(832, 2, 'ali.h_music', 'Social Media'),
(833, 5, 'rana_zayed_ytmusic', 'Streaming'),
(833, 4, 'rana.z_ig', 'Social Media'),
(834, 2, 'mina_weber_apple', 'Streaming'),
(834, 1, 'mina.w_music', 'Social Media'),
(835, 3, 'mohammad_ali_tidal', 'Streaming'),
(835, 5, 'mohammad.a_ig', 'Social Media'),
(836, 4, 'sahar_weber_amazon', 'Streaming'),
(836, 2, 'sahar.w_music', 'Social Media'),
(837, 5, 'ines_schmidt_ytmusic', 'Streaming'),
(837, 1, 'ines.s_ig', 'Social Media'),
(838, 3, 'amina_svensson_tidal', 'Streaming'),
(838, 4, 'amina.s_music', 'Social Media'),
(839, 5, 'ali_nasser_ytmusic', 'Streaming'),
(839, 2, 'ali.n_ig', 'Social Media'),
(840, 4, 'emma_weber_amazon', 'Streaming'),
(840, 1, 'emma.w_music', 'Social Media'),
(841, 3, 'kazuki_yamamoto_tidal', 'Streaming'),
(841, 5, 'kazuki.y_music', 'Social Media'),
(842, 1, 'yara_khan_spotify', 'Streaming'),
(842, 2, 'yara.k_ig', 'Social Media'),
(843, 5, 'sami_schmidt_ytmusic', 'Streaming'),
(843, 4, 'sami.s_music', 'Social Media'),
(844, 2, 'liam_weber_apple', 'Streaming'),
(844, 3, 'liam.w_ig', 'Social Media'),
(845, 4, 'alyssa_svensson_amazon', 'Streaming'),
(845, 5, 'alyssa.s_ig', 'Social Media'),
(846, 1, 'niko_schmidt_spotify', 'Streaming'),
(846, 2, 'niko.s_ig', 'Social Media'),
(847, 5, 'sahar_hossain_ytmusic', 'Streaming'),
(847, 3, 'sahar.h_ig', 'Social Media'),
(848, 2, 'amara_weber_apple', 'Streaming'),
(848, 1, 'amara.w_music', 'Social Media'),
(849, 4, 'ali_nasser_amazon', 'Streaming'),
(849, 5, 'ali.n_ig', 'Social Media'),
(850, 1, 'rami_ali_spotify', 'Streaming'),
(850, 3, 'rami.a_ig', 'Social Media'),
(851, 5, 'takashi_tanaka_ytmusic', 'Streaming'),
(851, 4, 'takashi.t_ig', 'Social Media'),
(852, 2, 'linnea_schmidt_apple', 'Streaming'),
(852, 5, 'linnea.s_ig', 'Social Media'),
(853, 4, 'mohammad_hossain_amazon', 'Streaming'),
(853, 3, 'mohammad.h_ig', 'Social Media'),
(854, 5, 'emma_weber_ytmusic', 'Streaming'),
(854, 2, 'emma.w_ig', 'Social Media'),
(855, 1, 'ava_nasser_spotify', 'Streaming'),
(855, 4, 'ava.n_ig', 'Social Media'),
(856, 3, 'sofia_svensson_tidal', 'Streaming'),
(856, 5, 'sofia.s_ig', 'Social Media'),
(857, 2, 'yara_khalid_apple', 'Streaming'),
(857, 1, 'yara.k_music', 'Social Media'),
(858, 4, 'sami_youssef_amazon', 'Streaming'),
(858, 3, 'sami.y_music', 'Social Media'),
(859, 1, 'ali_schmidt_spotify', 'Streaming'),
(859, 5, 'ali.s_ig', 'Social Media'),
(860, 4, 'ines_weber_amazon', 'Streaming'),
(860, 2, 'ines.w_ig', 'Social Media'),
(861, 5, 'hiroshi_yamamoto_ytmusic', 'Streaming'),
(861, 3, 'hiroshi.y_ig', 'Social Media'),
(862, 2, 'sahar_ali_apple', 'Streaming'),
(862, 4, 'sahar.a_music', 'Social Media'),
(863, 5, 'rana_zayed_ytmusic', 'Streaming'),
(863, 1, 'rana.z_ig', 'Social Media'),
(864, 2, 'mina_weber_apple', 'Streaming'),
(864, 3, 'mina.w_music', 'Social Media'),
(865, 5, 'ali_hossain_ytmusic', 'Streaming'),
(865, 4, 'ali.h_ig', 'Social Media'),
(866, 3, 'sami_weber_tidal', 'Streaming'),
(866, 2, 'sami.w_music', 'Social Media'),
(867, 4, 'emma_schmidt_amazon', 'Streaming'),
(867, 1, 'emma.s_ig', 'Social Media'),
(868, 5, 'lina_svensson_ytmusic', 'Streaming'),
(868, 3, 'lina.s_ig', 'Social Media'),
(869, 2, 'ali_nasser_apple', 'Streaming'),
(869, 4, 'ali.n_ig', 'Social Media'),
(870, 1, 'sahar_weber_spotify', 'Streaming'),
(870, 5, 'sahar.w_ig', 'Social Media'),
(871, 3, 'kenta_tanaka_tidal', 'Streaming'),
(871, 4, 'kenta.t_music', 'Social Media'),
(872, 5, 'yara_khan_ytmusic', 'Streaming'),
(872, 2, 'yara.k_ig', 'Social Media'),
(873, 4, 'mina_schmidt_amazon', 'Streaming'),
(873, 1, 'mina.s_ig', 'Social Media'),
(874, 2, 'alyssa_weber_apple', 'Streaming'),
(874, 3, 'alyssa.w_music', 'Social Media'),
(875, 5, 'ali_nasser_ytmusic', 'Streaming'),
(875, 4, 'ali.n_ig', 'Social Media'),
(876, 3, 'sami_schmidt_tidal', 'Streaming'),
(876, 2, 'sami.s_music', 'Social Media'),
(877, 1, 'nadia_hossain_spotify', 'Streaming'),
(877, 5, 'nadia.h_ig', 'Social Media'),
(878, 4, 'amara_weber_amazon', 'Streaming'),
(878, 3, 'amara.w_music', 'Social Media'),
(879, 5, 'hassan_ali_ytmusic', 'Streaming'),
(879, 2, 'hassan.a_ig', 'Social Media'),
(880, 4, 'emma_weber_amazon', 'Streaming'),
(880, 1, 'emma.w_music', 'Social Media'),
(881, 3, 'takeshi_yamamoto_tidal', 'Streaming'),
(881, 5, 'takeshi.y_music', 'Social Media'),
(882, 2, 'linnea_schmidt_apple', 'Streaming'),
(882, 4, 'linnea.s_ig', 'Social Media'),
(883, 1, 'rami_hossain_spotify', 'Streaming'),
(883, 5, 'rami.h_music', 'Social Media'),
(884, 4, 'ava_weber_amazon', 'Streaming'),
(884, 2, 'ava.w_music', 'Social Media'),
(885, 3, 'ali_nasser_tidal', 'Streaming'),
(885, 1, 'ali.n_ig', 'Social Media'),
(886, 2, 'sara_svensson_apple', 'Streaming'),
(886, 5, 'sara.s_ig', 'Social Media'),
(887, 4, 'yara_khalid_amazon', 'Streaming'),
(887, 3, 'yara.k_music', 'Social Media'),
(888, 5, 'emma_youssef_ytmusic', 'Streaming'),
(888, 2, 'emma.y_music', 'Social Media'),
(889, 3, 'sami_schmidt_tidal', 'Streaming'),
(889, 4, 'sami.s_music', 'Social Media'),
(890, 2, 'linnea_svensson_apple', 'Streaming'),
(890, 1, 'linnea.s_ig', 'Social Media'),
(891, 5, 'takahiro_tanaka_ytmusic', 'Streaming'),
(891, 3, 'takahiro.t_ig', 'Social Media'),
(892, 1, 'ali_hossain_spotify', 'Streaming'),
(892, 2, 'ali.h_music', 'Social Media'),
(893, 4, 'rana_zayed_amazon', 'Streaming'),
(893, 5, 'rana.z_ig', 'Social Media'),
(894, 3, 'mina_weber_tidal', 'Streaming'),
(894, 1, 'mina.w_music', 'Social Media'),
(895, 2, 'mohammad_ali_apple', 'Streaming'),
(895, 5, 'mohammad.a_ig', 'Social Media'),
(896, 5, 'sahar_weber_ytmusic', 'Streaming'),
(896, 4, 'sahar.w_music', 'Social Media'),
(897, 3, 'ines_schmidt_tidal', 'Streaming'),
(897, 2, 'ines.s_music', 'Social Media'),
(898, 1, 'amina_svensson_spotify', 'Streaming'),
(898, 5, 'amina.s_ig', 'Social Media'),
(899, 3, 'ali_nasser_tidal', 'Streaming'),
(899, 4, 'ali.n_ig', 'Social Media'),
(900, 2, 'emma_weber_apple', 'Streaming'),
(900, 5, 'emma.w_music', 'Social Media'),
(901, 4, 'kazuki_yamamoto_amazon', 'Streaming'),
(901, 3, 'kazuki.y_music', 'Social Media'),
(902, 1, 'yara_khan_spotify', 'Streaming'),
(902, 5, 'yara.k_ig', 'Social Media'),
(903, 3, 'sami_schmidt_tidal', 'Streaming'),
(903, 4, 'sami.s_music', 'Social Media'),
(904, 2, 'liam_weber_apple', 'Streaming'),
(904, 1, 'liam.w_ig', 'Social Media'),
(905, 5, 'alyssa_svensson_ytmusic', 'Streaming'),
(905, 3, 'alyssa.s_ig', 'Social Media'),
(906, 4, 'niko_schmidt_amazon', 'Streaming'),
(906, 5, 'niko.s_ig', 'Social Media'),
(907, 1, 'sahar_hossain_spotify', 'Streaming'),
(907, 2, 'sahar.h_ig', 'Social Media'),
(908, 3, 'amara_weber_tidal', 'Streaming'),
(908, 4, 'amara.w_music', 'Social Media'),
(909, 5, 'ali_nasser_ytmusic', 'Streaming'),
(909, 2, 'ali.n_ig', 'Social Media'),
(910, 4, 'rami_ali_amazon', 'Streaming'),
(910, 3, 'rami.a_ig', 'Social Media'),
(911, 2, 'takashi_tanaka_apple', 'Streaming'),
(911, 5, 'takashi.t_ig', 'Social Media'),
(912, 1, 'linnea_schmidt_spotify', 'Streaming'),
(912, 3, 'linnea.s_ig', 'Social Media'),
(913, 4, 'mohammad_hossain_amazon', 'Streaming'),
(913, 5, 'mohammad.h_ig', 'Social Media'),
(914, 2, 'emma_weber_apple', 'Streaming'),
(914, 1, 'emma.w_music', 'Social Media'),
(915, 4, 'ava_nasser_amazon', 'Streaming'),
(915, 3, 'ava.n_ig', 'Social Media'),
(916, 5, 'sofia_svensson_ytmusic', 'Streaming'),
(916, 2, 'sofia.s_ig', 'Social Media'),
(917, 1, 'yara_khalid_spotify', 'Streaming'),
(917, 3, 'yara.k_ig', 'Social Media'),
(918, 5, 'sami_youssef_ytmusic', 'Streaming'),
(918, 4, 'sami.y_music', 'Social Media'),
(919, 3, 'ali_schmidt_tidal', 'Streaming'),
(919, 2, 'ali.s_ig', 'Social Media'),
(920, 1, 'ines_weber_spotify', 'Streaming'),
(920, 5, 'ines.w_music', 'Social Media'),
(921, 3, 'hiroshi_yamamoto_tidal', 'Streaming'),
(921, 4, 'hiroshi.y_music', 'Social Media'),
(922, 5, 'sahar_ali_ytmusic', 'Streaming'),
(922, 2, 'sahar.a_ig', 'Social Media'),
(923, 4, 'rana_zayed_amazon', 'Streaming'),
(923, 3, 'rana.z_music', 'Social Media'),
(924, 5, 'mina_weber_ytmusic', 'Streaming'),
(924, 1, 'mina.w_music', 'Social Media'),
(925, 4, 'ali_hossain_amazon', 'Streaming'),
(925, 2, 'ali.h_ig', 'Social Media'),
(926, 1, 'sami_weber_spotify', 'Streaming'),
(926, 3, 'sami.w_ig', 'Social Media'),
(927, 2, 'emma_schmidt_apple', 'Streaming'),
(927, 5, 'emma.s_music', 'Social Media'),
(928, 3, 'lina_svensson_tidal', 'Streaming'),
(928, 4, 'lina.s_music', 'Social Media'),
(929, 1, 'ali_nasser_spotify', 'Streaming'),
(929, 5, 'ali.n_ig', 'Social Media'),
(930, 4, 'sahar_weber_amazon', 'Streaming'),
(930, 3, 'sahar.w_music', 'Social Media'),
(931, 5, 'kenta_tanaka_ytmusic', 'Streaming'),
(931, 2, 'kenta.t_ig', 'Social Media'),
(932, 3, 'yara_khan_tidal', 'Streaming'),
(932, 4, 'yara.k_music', 'Social Media'),
(933, 5, 'mina_schmidt_ytmusic', 'Streaming'),
(933, 1, 'mina.s_ig', 'Social Media'),
(934, 2, 'alyssa_weber_apple', 'Streaming'),
(934, 3, 'alyssa.w_music', 'Social Media'),
(935, 4, 'ali_nasser_amazon', 'Streaming'),
(935, 5, 'ali.n_ig', 'Social Media'),
(936, 3, 'sami_schmidt_tidal', 'Streaming'),
(936, 1, 'sami.s_ig', 'Social Media'),
(937, 5, 'nadia_hossain_ytmusic', 'Streaming'),
(937, 4, 'nadia.h_ig', 'Social Media'),
(938, 2, 'amara_weber_apple', 'Streaming'),
(938, 3, 'amara.w_music', 'Social Media'),
(939, 4, 'hassan_ali_amazon', 'Streaming'),
(939, 5, 'hassan.a_ig', 'Social Media'),
(940, 3, 'emma_weber_tidal', 'Streaming'),
(940, 1, 'emma.w_music', 'Social Media'),
(941, 2, 'takeshi_yamamoto_apple', 'Streaming'),
(941, 5, 'takeshi.y_music', 'Social Media'),
(942, 1, 'linnea_schmidt_spotify', 'Streaming'),
(942, 4, 'linnea.s_ig', 'Social Media'),
(943, 5, 'rami_hossain_ytmusic', 'Streaming'),
(943, 2, 'rami.h_music', 'Social Media'),
(944, 3, 'ava_weber_tidal', 'Streaming'),
(944, 4, 'ava.w_music', 'Social Media'),
(945, 1, 'ali_nasser_spotify', 'Streaming'),
(945, 5, 'ali.n_ig', 'Social Media'),
(946, 4, 'sara_svensson_amazon', 'Streaming'),
(946, 2, 'sara.s_music', 'Social Media'),
(947, 3, 'yara_khalid_tidal', 'Streaming'),
(947, 5, 'yara.k_music', 'Social Media'),
(948, 2, 'emma_youssef_apple', 'Streaming'),
(948, 3, 'emma.y_music', 'Social Media'),
(949, 4, 'sami_schmidt_amazon', 'Streaming'),
(949, 1, 'sami.s_ig', 'Social Media'),
(950, 5, 'linnea_svensson_ytmusic', 'Streaming'),
(950, 4, 'linnea.s_ig', 'Social Media'),
(951, 2, 'takahiro_tanaka_apple', 'Streaming'),
(951, 3, 'takahiro.t_ig', 'Social Media'),
(952, 1, 'ali_hossain_spotify', 'Streaming'),
(952, 5, 'ali.h_music', 'Social Media'),
(953, 4, 'rana_zayed_amazon', 'Streaming'),
(953, 2, 'rana.z_ig', 'Social Media'),
(954, 3, 'mina_weber_tidal', 'Streaming'),
(954, 5, 'mina.w_music', 'Social Media'),
(955, 2, 'mohammad_ali_apple', 'Streaming'),
(955, 4, 'mohammad.a_ig', 'Social Media'),
(956, 1, 'sahar_weber_spotify', 'Streaming'),
(956, 5, 'sahar.w_ig', 'Social Media'),
(957, 3, 'ines_schmidt_tidal', 'Streaming'),
(957, 4, 'ines.s_music', 'Social Media'),
(958, 5, 'amina_svensson_ytmusic', 'Streaming'),
(958, 1, 'amina.s_ig', 'Social Media'),
(959, 2, 'ali_nasser_apple', 'Streaming'),
(959, 5, 'ali.n_ig', 'Social Media'),
(960, 3, 'emma_weber_tidal', 'Streaming'),
(960, 4, 'emma.w_music', 'Social Media'),
(961, 2, 'kazuki_yamamoto_apple', 'Streaming'),
(961, 1, 'kazuki.y_ig', 'Social Media'),
(962, 4, 'yara_khan_amazon', 'Streaming'),
(962, 3, 'yara.k_music', 'Social Media'),
(963, 1, 'sami_schmidt_spotify', 'Streaming'),
(963, 5, 'sami.s_ig', 'Social Media'),
(964, 3, 'liam_weber_tidal', 'Streaming'),
(964, 4, 'liam.w_music', 'Social Media'),
(965, 5, 'alyssa_svensson_ytmusic', 'Streaming'),
(965, 2, 'alyssa.s_ig', 'Social Media'),
(966, 4, 'niko_schmidt_amazon', 'Streaming'),
(966, 3, 'niko.s_ig', 'Social Media'),
(967, 5, 'sahar_hossain_ytmusic', 'Streaming'),
(967, 1, 'sahar.h_ig', 'Social Media'),
(968, 2, 'amara_weber_apple', 'Streaming'),
(968, 3, 'amara.w_music', 'Social Media'),
(969, 4, 'ali_nasser_amazon', 'Streaming'),
(969, 5, 'ali.n_ig', 'Social Media'),
(970, 1, 'rami_ali_spotify', 'Streaming'),
(970, 2, 'rami.a_ig', 'Social Media'),
(971, 3, 'takashi_tanaka_tidal', 'Streaming'),
(971, 4, 'takashi.t_ig', 'Social Media'),
(972, 1, 'linnea_schmidt_spotify', 'Streaming'),
(972, 5, 'linnea.s_ig', 'Social Media'),
(973, 3, 'mohammad_hossain_tidal', 'Streaming'),
(973, 2, 'mohammad.h_ig', 'Social Media'),
(974, 5, 'emma_weber_ytmusic', 'Streaming'),
(974, 4, 'emma.w_music', 'Social Media'),
(975, 1, 'ava_nasser_spotify', 'Streaming'),
(975, 3, 'ava.n_ig', 'Social Media'),
(976, 2, 'sofia_svensson_apple', 'Streaming'),
(976, 5, 'sofia.s_music', 'Social Media'),
(977, 4, 'yara_khalid_amazon', 'Streaming'),
(977, 1, 'yara.k_ig', 'Social Media'),
(978, 3, 'sami_youssef_tidal', 'Streaming'),
(978, 2, 'sami.y_music', 'Social Media'),
(979, 5, 'ali_schmidt_ytmusic', 'Streaming'),
(979, 4, 'ali.s_ig', 'Social Media'),
(980, 3, 'ines_weber_tidal', 'Streaming'),
(980, 1, 'ines.w_music', 'Social Media'),
(981, 4, 'hiroshi_yamamoto_amazon', 'Streaming'),
(981, 5, 'hiroshi.y_music', 'Social Media'),
(982, 2, 'sahar_ali_apple', 'Streaming'),
(982, 3, 'sahar.a_music', 'Social Media'),
(983, 4, 'rana_zayed_amazon', 'Streaming'),
(983, 5, 'rana.z_ig', 'Social Media'),
(984, 1, 'mina_weber_spotify', 'Streaming'),
(984, 2, 'mina.w_music', 'Social Media'),
(985, 3, 'ali_hossain_tidal', 'Streaming'),
(985, 4, 'ali.h_music', 'Social Media'),
(986, 2, 'sami_weber_apple', 'Streaming'),
(986, 1, 'sami.w_ig', 'Social Media'),
(987, 4, 'emma_schmidt_amazon', 'Streaming'),
(987, 5, 'emma.s_ig', 'Social Media'),
(988, 3, 'lina_svensson_tidal', 'Streaming'),
(988, 2, 'lina.s_music', 'Social Media'),
(989, 1, 'ali_nasser_spotify', 'Streaming'),
(989, 5, 'ali.n_ig', 'Social Media'),
(990, 4, 'sahar_weber_amazon', 'Streaming'),
(990, 3, 'sahar.w_music', 'Social Media'),
(991, 2, 'kenta_tanaka_apple', 'Streaming'),
(991, 1, 'kenta.t_ig', 'Social Media'),
(992, 4, 'yara_khan_amazon', 'Streaming'),
(992, 5, 'yara.k_music', 'Social Media'),
(993, 1, 'mina_schmidt_spotify', 'Streaming'),
(993, 3, 'mina.s_ig', 'Social Media'),
(994, 5, 'alyssa_weber_ytmusic', 'Streaming'),
(994, 2, 'alyssa.w_music', 'Social Media'),
(995, 3, 'ali_nasser_tidal', 'Streaming'),
(995, 4, 'ali.n_ig', 'Social Media'),
(996, 2, 'sami_schmidt_apple', 'Streaming'),
(996, 5, 'sami.s_ig', 'Social Media'),
(997, 1, 'nadia_hossain_spotify', 'Streaming'),
(997, 3, 'nadia.h_ig', 'Social Media'),
(998, 5, 'amara_weber_ytmusic', 'Streaming'),
(998, 4, 'amara.w_ig', 'Social Media'),
(999, 3, 'hassan_ali_tidal', 'Streaming'),
(999, 2, 'hassan.a_music', 'Social Media');




-- Creatives (20 entries)
INSERT INTO Creatives (creativeID, creativeName, creativeType) VALUES
(1, 'Artist_X', 'Artist'),
(2, 'Samantha Lee', 'Producer'),
(3, 'Marcus Wright', 'Songwriter'),
(4, 'Elena Rodriguez', 'Designer'),
(5, 'Chris Taylor', 'Photographer'),
(6, 'Olivia Chen', 'Choreographer'),
(7, 'Derek Foster', 'Sound Engineer'),
(8, 'Zoe Patel', 'Music Video Director'),
(9, 'Ryan O''Brien', 'Tour Manager'),
(10, 'Naomi Watanabe', 'Stylist'),
(11, 'Liam Henderson', 'Session Musician'),
(12, 'Aria Kim', 'A&R Representative'),
(13, 'Carlos Mendoza', 'Graphic Designer'),
(14, 'Jasmine Wong', 'Social Media Manager'),
(15, 'Tyler Scott', 'Music Journalist'),
(16, 'Sophie Dubois', 'Publicist'),
(17, 'Miguel Fernandez', 'Booking Agent'),
(18, 'Emma Larsson', 'Music Therapist'),
(19, 'David Chang', 'Music Tech Developer'),
(20, 'Isabella Rossi', 'Music Educator');


-- CreativePlatforms (20 entries)
INSERT INTO CreativePlatforms (creativeID, platformID, userIdentifier, platformType) VALUES
(1, 1, 'artist.X.official', 'Social Media'),
(1, 2, 'artistXmusic', 'Streaming'),
(2, 3, 'samantha_lee_producer', 'Social Media'),
(3, 4, 'marcuswright_songwriter', 'Social Media'),
(4, 5, 'elena.design', 'Social Media'),
(5, 1, 'christaylor_photo', 'Social Media'),
(6, 2, 'oliviachen_choreo', 'Social Media'),
(7, 3, 'derekfoster_audio', 'Social Media'),
(8, 4, 'zoepatel_director', 'Social Media'),
(9, 5, 'ryanobrien_tourlife', 'Social Media'),
(10, 1, 'naomiwatanabe_style', 'Social Media'),
(11, 2, 'liamhenderson_music', 'Streaming'),
(12, 3, 'ariakim_anr', 'Social Media'),
(13, 4, 'carlosmendoza_design', 'Social Media'),
(14, 5, 'jasminewong_socialmedia', 'Social Media'),
(15, 1, 'tylerscott_musicjournalist', 'Social Media'),
(16, 2, 'sophiedubois_pr', 'Social Media'),
(17, 3, 'miguelfernandez_bookings', 'Social Media'),
(18, 4, 'emmalarsson_musictherapy', 'Social Media'),
(19, 5, 'davidchang_musictech', 'Social Media'),
(20, 1, 'isabellarossi_musicedu', 'Social Media');


-- EngagementMetrics (20 entries)
INSERT INTO EngagementMetrics (engagementMetricID, streamTime, likes, shares, comments, demographicsID) VALUES
(1, '00:45:30', 50000, 10000, 5000, 2),
(2, '00:30:15', 20000, 5000, 2000, 10),
(3, '01:15:00', 200000, 50000, 20000, 15),
(4, '00:55:45', 40000, 8000, 3000, 20),
(5, '02:00:00', 150000, 30000, 15000, 4),
(6, '01:30:00', 80000, 15000, 7000, 6),
(7, '00:50:00', 70000, 14000, 6000, 11),
(8, '01:45:00', 25000, 5000, 2000, 25),
(9, '00:40:00', 30000, 6000, 2500, 8),
(10, '01:00:00', 100000, 20000, 10000, 13),
(11, '00:55:00', 40000, 8000, 3500, 17),
(12, '01:20:00', 90000, 18000, 8000, 3),
(13, '00:35:00', 24000, 4800, 2000, 22),
(14, '01:10:00', 72000, 14400, 6000, 7),
(15, '00:50:00', 52000, 10400, 4500, 12),
(16, '00:25:00', 36000, 7200, 3000, 19),
(17, '00:45:00', 44000, 8800, 3800, 5),
(18, '01:05:00', 80000, 16000, 7000, 14),
(19, '00:55:00', 112000, 22400, 9600, 1),
(20, '00:40:00', 28000, 5600, 2400, 23);


-- Stream (20 entries)
INSERT INTO Stream (streamID, streamName, streamCount, streamDate, engagementMetricID) VALUES
(1, 'Summer Hits Playlist', 150000, '2024-06-15', 1),
(2, 'Acoustic Sessions Vol. 3', 80000, '2024-06-16', 2),
(3, 'New Release - "Midnight Serenade"', 500000, '2024-06-17', 3),
(4, '90s Throwback Thursday Mix', 120000, '2024-06-18', 4),
(5, 'Live from Madison Square Garden', 300000, '2024-06-19', 5),
(6, 'Chill Lofi Beats for Studying', 200000, '2024-06-20', 6),
(7, 'Workout Motivation Mix', 180000, '2024-06-21', 7),
(8, 'Classical Masterpieces', 50000, '2024-06-22', 8),
(9, 'Indie Discoveries of the Week', 75000, '2024-06-23', 9),
(10, 'Hip Hop Essentials', 250000, '2024-06-24', 10),
(11, 'Country Roads Playlist', 100000, '2024-06-25', 11),
(12, 'EDM Festival Anthems', 220000, '2024-06-26', 12),
(13, 'Jazz Cafe Vibes', 60000, '2024-06-27', 13),
(14, 'Rock Legends Collection', 180000, '2024-06-28', 14),
(15, 'Acoustic Covers of Pop Hits', 130000, '2024-06-29', 15),
(16, 'Meditation and Mindfulness', 90000, '2024-06-30', 16),
(17, 'Karaoke Party Mix', 110000, '2024-07-01', 17),
(18, 'Latin Summer Fiesta', 200000, '2024-07-02', 18),
(19, 'K-Pop Dance Party', 280000, '2024-07-03', 19),
(20, 'Indie Folk Road Trip', 70000, '2024-07-04', 20);


-- ContentDistribution (20 entries)
INSERT INTO ContentDistribution (contentID, contentType, platformID, releaseDate, status, performanceMetrics) VALUES
(1, 'Album', 1, '2024-05-01', 'Released', 'Streams: 1.5M, Sales: 50K'),
(2, 'Single', 2, '2024-06-15', 'Released', 'Streams: 5M, Radio Plays: 10K'),
(3, 'Music Video', 5, '2024-06-16', 'Released', 'Views: 2M, Likes: 150K'),
(4, 'Podcast', 3, '2024-07-01', 'Scheduled', NULL),
(5, 'Live Stream', 4, '2024-07-15', 'Scheduled', NULL),
(6, 'EP', 1, '2024-08-01', 'In Progress', NULL),
(7, 'Remix', 2, '2024-06-30', 'Released', 'Streams: 500K, Club Plays: 2K'),
(8, 'Acoustic Version', 3, '2024-07-10', 'Released', 'Streams: 750K'),
(9, 'Cover Song', 4, '2024-08-15', 'In Review', NULL),
(10, 'Behind the Scenes', 5, '2024-08-20', 'Editing', NULL),
(11, 'Lyric Video', 1, '2024-06-20', 'Released', 'Views: 1M, Shares: 50K'),
(12, 'Interview', 2, '2024-09-01', 'Scheduled', NULL),
(13, 'Album', 3, '2024-10-01', 'In Progress', NULL),
(14, 'Single', 4, '2024-09-15', 'Mastering', NULL),
(15, 'Music Video', 5, '2024-09-16', 'Filming', NULL),
(16, 'Live Album', 1, '2024-11-01', 'Mixing', NULL),
(17, 'Compilation', 2, '2024-12-01', 'Curating', NULL),
(18, 'Holiday Single', 3, '2024-12-10', 'Recording', NULL),
(19, 'Documentary', 4, '2025-01-15', 'Pre-production', NULL),
(20, 'Soundtrack', 5, '2025-02-01', 'Composing', NULL);

-- RecordingProjects (15 entries)
INSERT INTO RecordingProjects (recordingProjectID, recordingProjectName, recordingProjectDate, recordingStudioID) VALUES
(1, 'Echoes of Tomorrow', '2024-01-15', 1),
(2, 'Midnight Serenade Single', '2024-03-01', 2),
(3, 'Acoustic Sessions Vol. 3', '2024-04-10', 3),
(4, 'Summer Anthems EP', '2024-05-20', 4),
(5, 'Collaboration with DJ Spark', '2024-06-05', 5),
(6, 'Live from Madison Square Garden', '2024-06-19', NULL),
(7, 'Reimagined Classics', '2024-07-01', 2),
(8, 'New Wave Revolution', '2024-08-15', 1),
(9, 'Unplugged and Intimate', '2024-09-10', 3),
(10, 'Holiday Magic', '2024-10-01', 4),
(11, 'Debut Album - Rising Star', '2024-11-05', 5),
(12, 'Charity Single Recording', '2024-12-01', 1),
(13, 'Experimental Soundscapes', '2025-01-10', 2),
(14, 'Back to Roots', '2025-02-15', 3),
(15, 'Future Beats Collab', '2025-03-01', 4);


-- Albums (10 entries)
INSERT INTO Albums (albumID, albumName, releaseDate, recordingProjectID) VALUES
(1, 'Echoes of Tomorrow', '2024-05-01', 1),
(2, 'Acoustic Sessions Vol. 3', '2024-06-16', 3),
(3, 'Summer Anthems', '2024-07-01', 4),
(4, 'Live from Madison Square Garden', '2024-08-15', 6),
(5, 'Reimagined Classics', '2024-09-01', 7),
(6, 'New Wave Revolution', '2024-10-15', 8),
(7, 'Unplugged and Intimate', '2024-11-20', 9),
(8, 'Holiday Magic', '2024-12-01', 10),
(9, 'Rising Star', '2025-02-01', 11),
(10, 'Experimental Soundscapes', '2025-04-01', 13);

-- Songs (20 entries)
INSERT INTO Songs (songID, songName, albumID, length) VALUES
(1, 'Midnight Serenade', 1, '00:03:45'),
(2, 'Echoes of You', 1, '00:04:12'),
(3, 'Tomorrow''s Promise', 1, '00:03:58'),
(4, 'Acoustic Dreams', 2, '00:03:30'),
(5, 'Unplugged Heart', 2, '00:04:05'),
(6, 'Summer Nights', 3, '00:03:22'),
(7, 'Beachside Melody', 3, '00:03:15'),
(8, 'City Lights (Live)', 4, '00:05:10'),
(9, 'Encore (Live)', 4, '00:06:20'),
(10, 'Yesterday''s Tomorrow', 5, '00:04:30'),
(11, 'Reimagined Life', 5, '00:03:55'),
(12, 'Neon Dreams', 6, '00:03:40'),
(13, 'Digital Love', 6, '00:03:50'),
(14, 'Whispers in the Dark', 7, '00:04:15'),
(15, 'Raw Emotions', 7, '00:03:35'),
(16, 'Winter Wonderland', 8, '00:03:25'),
(17, 'Holiday Cheer', 8, '00:03:10'),
(18, 'First Light', 9, '00:03:45'),
(19, 'Rising Higher', 9, '00:04:00'),
(20, 'Soundscape 1: Genesis', 10, '00:05:30');


-- Performances (15 entries)
INSERT INTO Performances (performanceID, performanceName, performanceDate, performanceLocation, eventID, isImpromptu) VALUES
(1, 'Coachella Main Stage', '2024-04-14', 'Coachella Valley, CA', 1, false),
(2, 'Album Launch Party Performance', '2024-05-01', 'The Roxy, Los Angeles', 2, false),
(3, 'Global Citizen Festival Set', '2024-09-23', 'Central Park, New York', 3, false),
(4, 'Acoustic Radio Session', '2024-06-15', 'BBC Radio 1, London', 4, false),
(5, 'VIP Intimate Performance', '2024-07-10', 'O2 Arena, London', 5, false),
(6, 'Glastonbury Pyramid Stage', '2024-06-28', 'Glastonbury, UK', 6, false),
(7, 'Surprise Street Performance', '2024-08-05', 'Washington Square Park, NY', 17, true),
(8, 'Music Cares Tribute Performance', '2024-02-02', 'Staples Center, LA', 8, false),
(9, 'Late Night TV Show Performance', '2024-09-10', 'NBC Studios, New York', 9, false),
(10, 'Record Store Day Mini-Concert', '2024-04-20', 'Amoeba Music, Hollywood', 10, false),
(11, 'Lollapalooza Headline Set', '2024-08-03', 'Grant Park, Chicago', 11, false),
(12, 'Virtual Reality Concert', '2024-10-15', 'Online Event', 12, false),
(13, 'Stand Up for Heroes Acoustic Set', '2024-11-07', 'Madison Square Garden, NY', 13, false),
(14, 'Fan Club Secret Show', '2024-12-01', 'The Basement, Nashville', 15, false),
(15, 'Holiday Special Live Performance', '2024-12-10', 'ABC Studios, New York', 20, false);

-- CreativePerformances (relationships between performances and creatives)
INSERT INTO CreativePerformances (creativeID, performanceID) VALUES
(1, 1), (1, 2), (1, 3), (1, 4), (1, 5), -- Alex Johnson performs at various events
(2, 2), (2, 6), -- Samantha Lee (producer) involved in some performances
(3, 7), (3, 10), -- Marcus Wright (songwriter) in some intimate/surprise shows
(11, 1), (11, 6), (11, 11), -- Liam Henderson (session musician) in festival performances
(6, 1), (6, 11), -- Olivia Chen (choreographer) involved in major festival performances
(9, 1), (9, 6), (9, 11), -- Ryan O'Brien (tour manager) managing major performances
(10, 1), (10, 2), (10, 6); -- Naomi Watanabe (stylist) working on key performances

-- CreativeEventManagement (relationships between events and creatives managing them)
INSERT INTO CreativeEventManagement (creativeID, eventID, role, isPrimaryManager) VALUES
(9, 1, 'Tour Manager', true),
(9, 6, 'Tour Manager', true),
(9, 11, 'Tour Manager', true),
(16, 2, 'Publicist', true),
(16, 4, 'Publicist', true),
(16, 9, 'Publicist', true),
(17, 3, 'Booking Agent', true),
(17, 8, 'Booking Agent', true),
(17, 13, 'Booking Agent', true),
(14, 5, 'Social Media Manager', false),
(14, 10, 'Social Media Manager', false),
(14, 15, 'Social Media Manager', false),
(12, 7, 'A&R Representative', false),
(12, 12, 'A&R Representative', false),
(19, 12, 'Tech Lead', true);

-- SongWriters (relationships between songs and creatives who are songwriters)
INSERT INTO SongWriters (songID, songwriterID) VALUES
(1, 1), (1, 3), -- Midnight Serenade written by Alex Johnson and Marcus Wright
(2, 1), (2, 3), (2, 11), -- Echoes of You written by Alex Johnson, Marcus Wright, and Liam Henderson
(3, 3), (3, 11), -- Tomorrow's Promise written by Marcus Wright and Liam Henderson
(4, 1), -- Acoustic Dreams written by Alex Johnson
(5, 1), (5, 3), -- Unplugged Heart written by Alex Johnson and Marcus Wright
(6, 3), (6, 11), -- Summer Nights written by Marcus Wright and Liam Henderson
(7, 1), (7, 11), -- Beachside Melody written by Alex Johnson and Liam Henderson
(8, 1), -- City Lights (Live) written by Alex Johnson
(9, 1), (9, 3), -- Encore (Live) written by Alex Johnson and Marcus Wright
(10, 3), -- Yesterday's Tomorrow written by Marcus Wright
(11, 11), -- Reimagined Life written by Liam Henderson
(12, 1), (12, 3), (12, 11), -- Neon Dreams written by Alex Johnson, Marcus Wright, and Liam Henderson
(13, 3), (13, 11), -- Digital Love written by Marcus Wright and Liam Henderson
(14, 1), -- Whispers in the Dark written by Alex Johnson
(15, 1), (15, 3), -- Raw Emotions written by Alex Johnson and Marcus Wright
(16, 11), -- Winter Wonderland written by Liam Henderson (assuming it's an original, not the classic)
(17, 1), (17, 11), -- Holiday Cheer written by Alex Johnson and Liam Henderson
(18, 1), -- First Light written by Alex Johnson
(19, 1), (19, 3), -- Rising Higher written by Alex Johnson and Marcus Wright
(20, 3), (20, 11); -- Soundscape 1: Genesis written by Marcus Wright and Liam Henderson

-- ListenerPreferences (sample of 1,000 entries)
INSERT INTO ListenerPreferences (listenerID, creativeID, engagementScore) VALUES
(1, 1, 95), (1, 3, 80), (1, 11, 75),
(2, 1, 88), (2, 6, 92), (2, 10, 78),
(3, 3, 91), (3, 11, 85), (3, 1, 79),
(4, 1, 94), (4, 2, 81), (4, 8, 76),
(5, 11, 89), (5, 1, 83), (5, 6, 77),
(6, 1, 97), (6, 3, 86), (6, 2, 80),
(7, 6, 93), (7, 1, 84), (7, 14, 82),
(8, 3, 75), (8, 11, 79), (8, 1, 70),
(9, 1, 90), (9, 2, 88), (9, 8, 85),
(10, 11, 83), (10, 1, 82), (10, 6, 78),
(11, 1, 96), (11, 3, 87), (11, 10, 81),
(12, 2, 85), (12, 11, 89), (12, 1, 76),
(13, 1, 91), (13, 3, 84), (13, 6, 79),
(14, 11, 88), (14, 1, 82), (14, 2, 77),
(15, 3, 90), (15, 11, 86), (15, 1, 81),
(16, 1, 94), (16, 2, 83), (16, 6, 78),
(17, 11, 87), (17, 3, 85), (17, 1, 80),
(18, 1, 92), (18, 6, 88), (18, 14, 86),
(19, 2, 89), (19, 1, 84), (19, 3, 79),
(20, 11, 85), (20, 1, 83), (20, 10, 77),
(21, 1, 98), (21, 3, 91), (21, 2, 85),
(22, 11, 90), (22, 1, 88), (22, 6, 82),
(23, 3, 86), (23, 1, 83), (23, 11, 78),
(24, 1, 93), (24, 2, 84), (24, 3, 79),
(25, 11, 92), (25, 1, 87), (25, 6, 81),
(26, 1, 97), (26, 3, 89), (26, 2, 83),
(27, 11, 91), (27, 1, 85), (27, 3, 80),
(28, 1, 95), (28, 6, 90), (28, 14, 88),
(29, 2, 87), (29, 1, 84), (29, 3, 79),
(30, 11, 89), (30, 1, 86), (30, 10, 82),
(31, 1, 94), (31, 3, 92), (31, 2, 85),
(32, 11, 93), (32, 1, 89), (32, 6, 84),
(33, 1, 88), (33, 3, 85), (33, 11, 80),
(34, 2, 86), (34, 1, 83), (34, 3, 78),
(35, 11, 90), (35, 1, 84), (35, 6, 79),
(36, 1, 96), (36, 2, 89), (36, 14, 87),
(37, 11, 88), (37, 3, 84), (37, 1, 80),
(38, 1, 91), (38, 6, 86), (38, 2, 82),
(39, 11, 93), (39, 1, 85), (39, 3, 79),
(40, 1, 97), (40, 2, 91), (40, 11, 84),
(41, 3, 88), (41, 1, 83), (41, 6, 78),
(42, 1, 95), (42, 11, 89), (42, 3, 85),
(43, 2, 87), (43, 1, 82), (43, 11, 79),
(44, 1, 92), (44, 6, 90), (44, 3, 86),
(45, 11, 91), (45, 1, 88), (45, 2, 82),
(46, 1, 94), (46, 3, 89), (46, 11, 85),
(47, 2, 85), (47, 1, 80), (47, 3, 77),
(48, 1, 96), (48, 11, 88), (48, 6, 84),
(49, 3, 90), (49, 1, 87), (49, 11, 83),
(50, 1, 89), (50, 2, 82), (50, 3, 78),
(51, 11, 92), (51, 1, 86), (51, 6, 80),
(52, 1, 98), (52, 3, 91), (52, 2, 87),
(53, 11, 90), (53, 1, 85), (53, 6, 82),
(54, 1, 93), (54, 2, 88), (54, 3, 84),
(55, 11, 89), (55, 1, 83), (55, 2, 79),
(56, 1, 95), (56, 6, 90), (56, 11, 86),
(57, 3, 87), (57, 1, 82), (57, 2, 78),
(58, 1, 91), (58, 11, 85), (58, 3, 80),
(59, 2, 86), (59, 1, 84), (59, 6, 79),
(60, 1, 97), (60, 3, 89), (60, 11, 83),
(61, 2, 88), (61, 1, 86), (61, 3, 81),
(62, 1, 93), (62, 11, 87), (62, 6, 84),
(63, 3, 92), (63, 1, 88), (63, 2, 82),
(64, 1, 94), (64, 6, 89), (64, 11, 85),
(65, 2, 91), (65, 1, 87), (65, 3, 82),
(66, 1, 90), (66, 3, 84), (66, 11, 79),
(67, 2, 85), (67, 1, 80), (67, 6, 77),
(68, 1, 96), (68, 11, 89), (68, 3, 85),
(69, 3, 88), (69, 1, 83), (69, 11, 78),
(70, 1, 92), (70, 2, 86), (70, 6, 81),
(71, 11, 91), (71, 1, 85), (71, 3, 80),
(72, 1, 95), (72, 6, 88), (72, 2, 83),
(73, 3, 90), (73, 1, 86), (73, 11, 82),
(74, 1, 89), (74, 2, 82), (74, 3, 77),
(75, 11, 92), (75, 1, 87), (75, 6, 84),
(76, 1, 97), (76, 3, 91), (76, 2, 86),
(77, 11, 90), (77, 1, 84), (77, 6, 81),
(78, 1, 93), (78, 2, 89), (78, 3, 85),
(79, 11, 88), (79, 1, 83), (79, 2, 79),
(80, 1, 94), (80, 6, 91), (80, 11, 86),
(81, 3, 87), (81, 1, 82), (81, 2, 78),
(82, 1, 91), (82, 11, 85), (82, 6, 80),
(83, 2, 86), (83, 1, 83), (83, 3, 79),
(84, 1, 96), (84, 3, 89), (84, 11, 84),
(85, 2, 88), (85, 1, 85), (85, 6, 81),
(86, 1, 93), (86, 11, 88), (86, 3, 83),
(87, 3, 92), (87, 1, 87), (87, 2, 82),
(88, 1, 95), (88, 6, 90), (88, 11, 86),
(89, 2, 89), (89, 1, 84), (89, 3, 80),
(90, 1, 92), (90, 3, 86), (90, 11, 82),
(91, 11, 91), (91, 1, 88), (91, 6, 83),
(92, 1, 94), (92, 2, 89), (92, 3, 85),
(93, 3, 88), (93, 1, 83), (93, 11, 79),
(94, 1, 90), (94, 6, 86), (94, 2, 81),
(95, 11, 93), (95, 1, 87), (95, 3, 84),
(96, 1, 97), (96, 3, 89), (96, 11, 85),
(97, 2, 86), (97, 1, 82), (97, 6, 78),
(98, 1, 93), (98, 11, 88), (98, 3, 83),
(99, 3, 91), (99, 1, 85), (99, 2, 80),
(100, 1, 95), (100, 6, 90), (100, 11, 86),
(101, 2, 87), (101, 1, 82), (101, 3, 77),
(102, 1, 91), (102, 11, 84), (102, 6, 80),
(103, 11, 92), (103, 1, 86), (103, 3, 82),
(104, 1, 94), (104, 3, 89), (104, 11, 85),
(105, 2, 88), (105, 1, 83), (105, 6, 79),
(106, 1, 97), (106, 11, 90), (106, 3, 86),
(107, 3, 88), (107, 1, 84), (107, 2, 80),
(108, 1, 93), (108, 6, 89), (108, 11, 83),
(109, 2, 85), (109, 1, 81), (109, 3, 78),
(110, 1, 92), (110, 3, 87), (110, 11, 82),
(111, 11, 91), (111, 1, 88), (111, 6, 84),
(112, 1, 95), (112, 2, 89), (112, 3, 85),
(113, 3, 90), (113, 1, 85), (113, 11, 81),
(114, 1, 89), (114, 6, 86), (114, 2, 82),
(115, 11, 94), (115, 1, 87), (115, 3, 84),
(116, 1, 96), (116, 2, 90), (116, 11, 85),
(117, 3, 88), (117, 1, 82), (117, 2, 78),
(118, 1, 91), (118, 11, 84), (118, 6, 80),
(119, 11, 92), (119, 1, 87), (119, 3, 83),
(120, 1, 94), (120, 3, 89), (120, 11, 84),
(121, 2, 88), (121, 1, 85), (121, 6, 81),
(122, 1, 97), (122, 11, 91), (122, 3, 86),
(123, 3, 89), (123, 1, 84), (123, 2, 80),
(124, 1, 93), (124, 6, 88), (124, 11, 83),
(125, 2, 85), (125, 1, 81), (125, 3, 78),
(126, 1, 95), (126, 3, 90), (126, 11, 85),
(127, 11, 92), (127, 1, 87), (127, 6, 82),
(128, 1, 94), (128, 2, 89), (128, 3, 84),
(129, 3, 91), (129, 1, 86), (129, 11, 81),
(130, 1, 90), (130, 6, 87), (130, 2, 82),
(131, 11, 93), (131, 1, 89), (131, 3, 85),
(132, 1, 96), (132, 2, 91), (132, 11, 84),
(133, 3, 88), (133, 1, 83), (133, 6, 79),
(134, 1, 92), (134, 11, 86), (134, 3, 81),
(135, 2, 85), (135, 1, 80), (135, 11, 77),
(136, 1, 97), (136, 3, 89), (136, 11, 85),
(137, 11, 90), (137, 1, 84), (137, 2, 80),
(138, 1, 94), (138, 6, 91), (138, 3, 86),
(139, 2, 88), (139, 1, 82), (139, 11, 79),
(140, 1, 91), (140, 3, 87), (140, 11, 83),
(141, 11, 93), (141, 1, 86), (141, 6, 81),
(142, 1, 95), (142, 2, 89), (142, 3, 85),
(143, 3, 90), (143, 1, 85), (143, 11, 80),
(144, 1, 89), (144, 6, 86), (144, 2, 82),
(145, 11, 92), (145, 1, 87), (145, 3, 83),
(146, 1, 98), (146, 3, 91), (146, 11, 86),
(147, 2, 88), (147, 1, 83), (147, 6, 79),
(148, 1, 93), (148, 11, 89), (148, 3, 84),
(149, 3, 92), (149, 1, 87), (149, 2, 82),
(150, 1, 95), (150, 6, 90), (150, 11, 85),
(151, 11, 91), (151, 1, 84), (151, 3, 80),
(152, 1, 94), (152, 2, 88), (152, 11, 82),
(153, 3, 87), (153, 1, 83), (153, 6, 78),
(154, 1, 92), (154, 11, 85), (154, 3, 81),
(155, 11, 93), (155, 1, 89), (155, 2, 84),
(156, 1, 96), (156, 3, 90), (156, 11, 86),
(157, 3, 89), (157, 1, 82), (157, 2, 78),
(158, 1, 95), (158, 6, 88), (158, 11, 83),
(159, 11, 92), (159, 1, 87), (159, 3, 82),
(160, 1, 91), (160, 2, 85), (160, 11, 80),
(161, 3, 90), (161, 1, 86), (161, 11, 82),
(162, 1, 97), (162, 6, 91), (162, 2, 84),
(163, 2, 88), (163, 1, 83), (163, 3, 79),
(164, 1, 94), (164, 11, 86), (164, 6, 81),
(165, 3, 91), (165, 1, 88), (165, 11, 85),
(166, 1, 92), (166, 2, 87), (166, 3, 83),
(167, 11, 90), (167, 1, 84), (167, 6, 80),
(168, 1, 96), (168, 3, 89), (168, 11, 85),
(169, 3, 88), (169, 1, 82), (169, 2, 78),
(170, 1, 93), (170, 6, 89), (170, 11, 84),
(171, 2, 91), (171, 1, 87), (171, 3, 81),
(172, 1, 95), (172, 11, 90), (172, 6, 85),
(173, 11, 89), (173, 1, 84), (173, 2, 80),
(174, 1, 94), (174, 3, 88), (174, 11, 82),
(175, 3, 91), (175, 1, 86), (175, 2, 81),
(176, 1, 90), (176, 6, 87), (176, 11, 83),
(177, 11, 92), (177, 1, 85), (177, 3, 79),
(178, 1, 96), (178, 2, 89), (178, 11, 86),
(179, 3, 88), (179, 1, 83), (179, 6, 80),
(180, 1, 91), (180, 11, 84), (180, 3, 78),
(181, 11, 93), (181, 1, 89), (181, 2, 82),
(182, 1, 95), (182, 3, 87), (182, 11, 83),
(183, 3, 90), (183, 1, 85), (183, 6, 81),
(184, 1, 89), (184, 2, 84), (184, 11, 80),
(185, 11, 92), (185, 1, 87), (185, 3, 85),
(186, 1, 97), (186, 6, 90), (186, 11, 86),
(187, 2, 88), (187, 1, 82), (187, 3, 78),
(188, 1, 93), (188, 11, 85), (188, 6, 81),
(189, 11, 91), (189, 1, 86), (189, 3, 82),
(190, 1, 94), (190, 3, 89), (190, 2, 83),
(191, 3, 92), (191, 1, 87), (191, 11, 84),
(192, 1, 90), (192, 2, 85), (192, 11, 80),
(193, 11, 95), (193, 1, 89), (193, 3, 85),
(194, 1, 96), (194, 3, 91), (194, 6, 87),
(195, 2, 88), (195, 1, 84), (195, 11, 81),
(196, 1, 93), (196, 11, 88), (196, 3, 82),
(197, 3, 91), (197, 1, 85), (197, 2, 78),
(198, 1, 95), (198, 6, 90), (198, 11, 86),
(199, 11, 92), (199, 1, 87), (199, 3, 82),
(200, 1, 89), (200, 2, 84), (200, 11, 80),
(201, 3, 90), (201, 1, 86), (201, 11, 81),
(202, 1, 97), (202, 11, 89), (202, 6, 83),
(203, 2, 88), (203, 1, 83), (203, 3, 79),
(204, 1, 92), (204, 3, 87), (204, 11, 82),
(205, 11, 91), (205, 1, 85), (205, 6, 80),
(206, 1, 94), (206, 2, 89), (206, 11, 85),
(207, 3, 92), (207, 1, 87), (207, 11, 84),
(208, 1, 90), (208, 6, 86), (208, 3, 81),
(209, 11, 93), (209, 1, 89), (209, 2, 84),
(210, 1, 95), (210, 3, 91), (210, 11, 86),
(211, 2, 87), (211, 1, 82), (211, 3, 78),
(212, 1, 93), (212, 11, 88), (212, 6, 81),
(213, 3, 90), (213, 1, 85), (213, 11, 82),
(214, 1, 96), (214, 2, 89), (214, 3, 84),
(215, 11, 91), (215, 1, 84), (215, 6, 80),
(216, 1, 94), (216, 3, 88), (216, 11, 85),
(217, 3, 91), (217, 1, 87), (217, 2, 82),
(218, 1, 92), (218, 6, 89), (218, 11, 83),
(219, 11, 95), (219, 1, 88), (219, 3, 84),
(220, 1, 97), (220, 2, 91), (220, 11, 86),
(221, 2, 88), (221, 1, 83), (221, 3, 79),
(222, 1, 93), (222, 3, 86), (222, 11, 82),
(223, 11, 91), (223, 1, 85), (223, 6, 80),
(224, 1, 96), (224, 2, 89), (224, 11, 84),
(225, 3, 90), (225, 1, 86), (225, 11, 81),
(226, 1, 92), (226, 6, 88), (226, 2, 83),
(227, 11, 93), (227, 1, 87), (227, 3, 82),
(228, 1, 89), (228, 2, 84), (228, 11, 80),
(229, 3, 91), (229, 1, 85), (229, 11, 81),
(230, 1, 97), (230, 3, 90), (230, 11, 85),
(231, 2, 88), (231, 1, 82), (231, 3, 78),
(232, 1, 94), (232, 6, 91), (232, 11, 86),
(233, 11, 92), (233, 1, 87), (233, 3, 82),
(234, 1, 90), (234, 2, 84), (234, 11, 80),
(235, 3, 88), (235, 1, 83), (235, 6, 79),
(236, 1, 95), (236, 11, 88), (236, 3, 84),
(237, 11, 91), (237, 1, 86), (237, 2, 82),
(238, 1, 93), (238, 3, 89), (238, 11, 85),
(239, 3, 92), (239, 1, 87), (239, 11, 84),
(240, 1, 89), (240, 6, 86), (240, 2, 81),
(241, 11, 94), (241, 1, 88), (241, 3, 84),
(242, 1, 96), (242, 2, 90), (242, 11, 86),
(243, 2, 88), (243, 1, 84), (243, 3, 80),
(244, 1, 92), (244, 11, 87), (244, 6, 82),
(245, 3, 91), (245, 1, 85), (245, 11, 81),
(246, 1, 95), (246, 3, 90), (246, 2, 85),
(247, 11, 92), (247, 1, 87), (247, 3, 82),
(248, 1, 94), (248, 2, 89), (248, 11, 84),
(249, 3, 88), (249, 1, 83), (249, 11, 79),
(250, 1, 90), (250, 6, 86), (250, 11, 80),
(251, 11, 93), (251, 1, 89), (251, 3, 85),
(252, 1, 97), (252, 2, 91), (252, 11, 84),
(253, 2, 88), (253, 1, 83), (253, 6, 79),
(254, 1, 92), (254, 3, 87), (254, 11, 82),
(255, 3, 90), (255, 1, 84), (255, 11, 80),
(256, 1, 94), (256, 11, 89), (256, 2, 83),
(257, 11, 91), (257, 1, 85), (257, 6, 81),
(258, 1, 96), (258, 3, 90), (258, 11, 86),
(259, 3, 88), (259, 1, 82), (259, 2, 78),
(260, 1, 95), (260, 6, 88), (260, 11, 83),
(261, 11, 92), (261, 1, 86), (261, 3, 81),
(262, 1, 91), (262, 2, 84), (262, 11, 80),
(263, 3, 92), (263, 1, 88), (263, 11, 85),
(264, 1, 93), (264, 6, 89), (264, 2, 82),
(265, 11, 95), (265, 1, 87), (265, 3, 84),
(266, 1, 97), (266, 3, 91), (266, 11, 86),
(267, 2, 88), (267, 1, 83), (267, 6, 79),
(268, 1, 94), (268, 11, 89), (268, 3, 85),
(269, 3, 90), (269, 1, 84), (269, 11, 80),
(270, 1, 92), (270, 6, 87), (270, 2, 82),
(271, 11, 91), (271, 1, 88), (271, 3, 81),
(272, 1, 95), (272, 2, 89), (272, 11, 84),
(273, 3, 88), (273, 1, 83), (273, 11, 79),
(274, 1, 96), (274, 3, 90), (274, 11, 85),
(275, 11, 93), (275, 1, 87), (275, 6, 82),
(276, 1, 92), (276, 2, 85), (276, 11, 81),
(277, 2, 86), (277, 1, 82), (277, 3, 78),
(278, 1, 94), (278, 3, 88), (278, 11, 83),
(279, 11, 90), (279, 1, 84), (279, 2, 79),
(280, 1, 97), (280, 6, 91), (280, 3, 86),
(281, 2, 89), (281, 1, 85), (281, 11, 80),
(282, 1, 95), (282, 11, 88), (282, 3, 82),
(283, 11, 91), (283, 1, 86), (283, 2, 81),
(284, 1, 93), (284, 3, 89), (284, 11, 84),
(285, 3, 92), (285, 1, 87), (285, 11, 85),
(286, 1, 89), (286, 6, 86), (286, 2, 82),
(287, 11, 94), (287, 1, 88), (287, 3, 84),
(288, 1, 96), (288, 2, 90), (288, 11, 85),
(289, 3, 88), (289, 1, 83), (289, 6, 80),
(290, 1, 92), (290, 11, 87), (290, 3, 82),
(291, 11, 91), (291, 1, 85), (291, 6, 81),
(292, 1, 94), (292, 3, 90), (292, 2, 83),
(293, 3, 89), (293, 1, 84), (293, 11, 80),
(294, 1, 97), (294, 6, 91), (294, 11, 85),
(295, 11, 93), (295, 1, 87), (295, 3, 82),
(296, 1, 95), (296, 2, 89), (296, 11, 84),
(297, 2, 88), (297, 1, 82), (297, 6, 79),
(298, 1, 92), (298, 11, 86), (298, 3, 81),
(299, 11, 90), (299, 1, 84), (299, 3, 80),
(300, 1, 94), (300, 3, 88), (300, 11, 82),
(301, 3, 91), (301, 1, 87), (301, 6, 83),
(302, 1, 93), (302, 2, 89), (302, 11, 84),
(303, 11, 92), (303, 1, 88), (303, 3, 81),
(304, 1, 96), (304, 6, 90), (304, 2, 85),
(305, 3, 88), (305, 1, 84), (305, 11, 80),
(306, 1, 94), (306, 11, 89), (306, 3, 85),
(307, 11, 91), (307, 1, 85), (307, 2, 81),
(308, 1, 95), (308, 3, 90), (308, 11, 84),
(309, 2, 88), (309, 1, 82), (309, 3, 78),
(310, 1, 97), (310, 6, 91), (310, 11, 86),
(311, 11, 90), (311, 1, 86), (311, 3, 80),
(312, 1, 92), (312, 2, 87), (312, 11, 83),
(313, 3, 91), (313, 1, 84), (313, 11, 81),
(314, 1, 94), (314, 6, 89), (314, 3, 85),
(315, 11, 92), (315, 1, 88), (315, 2, 82),
(316, 1, 96), (316, 3, 90), (316, 11, 84),
(317, 2, 88), (317, 1, 83), (317, 6, 79),
(318, 1, 95), (318, 11, 86), (318, 3, 80),
(319, 11, 91), (319, 1, 85), (319, 2, 82),
(320, 1, 93), (320, 3, 88), (320, 11, 83),
(321, 3, 90), (321, 1, 86), (321, 6, 81),
(322, 1, 97), (322, 11, 89), (322, 2, 85),
(323, 2, 88), (323, 1, 82), (323, 3, 78),
(324, 1, 94), (324, 3, 87), (324, 11, 82),
(325, 11, 91), (325, 1, 85), (325, 6, 80),
(326, 1, 96), (326, 2, 89), (326, 11, 83),
(327, 3, 92), (327, 1, 88), (327, 11, 84),
(328, 1, 93), (328, 6, 90), (328, 2, 82),
(329, 11, 95), (329, 1, 87), (329, 3, 85),
(330, 1, 89), (330, 2, 84), (330, 11, 81),
(331, 3, 88), (331, 1, 83), (331, 11, 79),
(332, 1, 92), (332, 11, 87), (332, 3, 80),
(333, 11, 90), (333, 1, 85), (333, 6, 82),
(334, 1, 94), (334, 3, 89), (334, 11, 84),
(335, 3, 91), (335, 1, 88), (335, 11, 85),
(336, 1, 96), (336, 2, 90), (336, 11, 86),
(337, 2, 88), (337, 1, 83), (337, 3, 79),
(338, 1, 93), (338, 6, 89), (338, 11, 82),
(339, 11, 92), (339, 1, 86), (339, 3, 81),
(340, 1, 95), (340, 3, 90), (340, 2, 85),
(341, 3, 88), (341, 1, 84), (341, 11, 80),
(342, 1, 94), (342, 11, 89), (342, 6, 84),
(343, 11, 91), (343, 1, 87), (343, 3, 82),
(344, 1, 97), (344, 2, 91), (344, 11, 85),
(345, 2, 88), (345, 1, 82), (345, 3, 78),
(346, 1, 92), (346, 11, 86), (346, 6, 80),
(347, 11, 90), (347, 1, 84), (347, 3, 79),
(348, 1, 94), (348, 3, 88), (348, 11, 82),
(349, 3, 91), (349, 1, 85), (349, 11, 81),
(350, 1, 96), (350, 6, 89), (350, 2, 85),
(351, 11, 93), (351, 1, 88), (351, 3, 84),
(352, 1, 95), (352, 2, 89), (352, 11, 82),
(353, 2, 88), (353, 1, 83), (353, 6, 78),
(354, 1, 92), (354, 3, 87), (354, 11, 80),
(355, 3, 90), (355, 1, 84), (355, 11, 81),
(356, 1, 94), (356, 6, 91), (356, 2, 84),
(357, 11, 92), (357, 1, 86), (357, 3, 79),
(358, 1, 96), (358, 3, 89), (358, 11, 85),
(359, 3, 88), (359, 1, 82), (359, 2, 77),
(360, 1, 95), (360, 11, 90), (360, 6, 83),
(361, 11, 93), (361, 1, 87), (361, 3, 82),
(362, 1, 91), (362, 3, 86), (362, 11, 81),
(363, 3, 89), (363, 1, 84), (363, 11, 80),
(364, 1, 97), (364, 2, 91), (364, 11, 85),
(365, 2, 88), (365, 1, 83), (365, 6, 78),
(366, 1, 94), (366, 11, 89), (366, 3, 83),
(367, 11, 91), (367, 1, 86), (367, 3, 81),
(368, 1, 96), (368, 3, 90), (368, 11, 84),
(369, 3, 88), (369, 1, 82), (369, 2, 77),
(370, 1, 92), (370, 6, 86), (370, 11, 82),
(371, 11, 93), (371, 1, 85), (371, 3, 80),
(372, 1, 95), (372, 2, 89), (372, 11, 83),
(373, 2, 88), (373, 1, 83), (373, 3, 79),
(374, 1, 91), (374, 3, 87), (374, 11, 81),
(375, 3, 90), (375, 1, 84), (375, 11, 80),
(376, 1, 94), (376, 11, 89), (376, 6, 84),
(377, 11, 91), (377, 1, 86), (377, 3, 82),
(378, 1, 96), (378, 3, 90), (378, 11, 85),
(379, 3, 88), (379, 1, 82), (379, 2, 78),
(380, 1, 93), (380, 6, 87), (380, 11, 83),
(381, 11, 92), (381, 1, 85), (381, 3, 81),
(382, 1, 95), (382, 2, 88), (382, 11, 82),
(383, 2, 87), (383, 1, 83), (383, 6, 78),
(384, 1, 94), (384, 3, 89), (384, 11, 84),
(385, 3, 91), (385, 1, 88), (385, 11, 85),
(386, 1, 96), (386, 2, 90), (386, 11, 86),
(387, 3, 88), (387, 1, 84), (387, 6, 79),
(388, 1, 92), (388, 6, 86), (388, 11, 81),
(389, 11, 93), (389, 1, 89), (389, 3, 82),
(390, 1, 95), (390, 2, 89), (390, 11, 83),
(391, 2, 88), (391, 1, 82), (391, 3, 78),
(392, 1, 97), (392, 11, 90), (392, 6, 84),
(393, 11, 92), (393, 1, 86), (393, 3, 80),
(394, 1, 94), (394, 3, 88), (394, 11, 82),
(395, 3, 91), (395, 1, 87), (395, 6, 81),
(396, 1, 96), (396, 11, 89), (396, 2, 85),
(397, 2, 87), (397, 1, 82), (397, 11, 80),
(398, 1, 93), (398, 6, 88), (398, 3, 84),
(399, 11, 91), (399, 1, 85), (399, 3, 81),
(400, 1, 95), (400, 3, 89), (400, 11, 82),
(401, 3, 88), (401, 1, 84), (401, 11, 80),
(402, 1, 92), (402, 11, 87), (402, 2, 83),
(403, 11, 90), (403, 1, 86), (403, 3, 82),
(404, 1, 94), (404, 3, 89), (404, 11, 84),
(405, 3, 91), (405, 1, 88), (405, 6, 85),
(406, 1, 96), (406, 2, 90), (406, 11, 86),
(407, 2, 88), (407, 1, 83), (407, 3, 78),
(408, 1, 93), (408, 6, 89), (408, 11, 83),
(409, 11, 92), (409, 1, 87), (409, 3, 82),
(410, 1, 95), (410, 2, 89), (410, 11, 84),
(411, 2, 88), (411, 1, 82), (411, 6, 79),
(412, 1, 97), (412, 11, 90), (412, 3, 85),
(413, 11, 91), (413, 1, 86), (413, 3, 81),
(414, 1, 94), (414, 3, 88), (414, 11, 83),
(415, 3, 91), (415, 1, 87), (415, 2, 82),
(416, 1, 92), (416, 6, 86), (416, 11, 81),
(417, 11, 93), (417, 1, 85), (417, 3, 80),
(418, 1, 95), (418, 2, 89), (418, 11, 84),
(419, 3, 90), (419, 1, 84), (419, 11, 81),
(420, 1, 96), (420, 11, 89), (420, 2, 86),
(421, 2, 88), (421, 1, 83), (421, 6, 80),
(422, 1, 93), (422, 3, 87), (422, 11, 82),
(423, 11, 91), (423, 1, 85), (423, 3, 79),
(424, 1, 95), (424, 2, 89), (424, 11, 83),
(425, 3, 88), (425, 1, 82), (425, 11, 80),
(426, 1, 92), (426, 6, 86), (426, 11, 81),
(427, 11, 93), (427, 1, 88), (427, 3, 84),
(428, 1, 97), (428, 2, 91), (428, 11, 85),
(429, 2, 88), (429, 1, 83), (429, 6, 79),
(430, 1, 94), (430, 11, 89), (430, 3, 85),
(431, 3, 91), (431, 1, 86), (431, 11, 80),
(432, 1, 96), (432, 3, 90), (432, 11, 82),
(433, 11, 92), (433, 1, 87), (433, 6, 81),
(434, 1, 93), (434, 2, 89), (434, 11, 84),
(435, 3, 88), (435, 1, 83), (435, 11, 79),
(436, 1, 92), (436, 6, 87), (436, 11, 80),
(437, 11, 95), (437, 1, 89), (437, 3, 85),
(438, 1, 97), (438, 2, 90), (438, 11, 86),
(439, 2, 88), (439, 1, 84), (439, 6, 79),
(440, 1, 93), (440, 3, 89), (440, 11, 83),
(441, 3, 92), (441, 1, 88), (441, 11, 84),
(442, 1, 89), (442, 11, 86), (442, 3, 81),
(443, 11, 91), (443, 1, 87), (443, 2, 83),
(444, 1, 94), (444, 3, 88), (444, 11, 82),
(445, 3, 91), (445, 1, 85), (445, 6, 80),
(446, 1, 96), (446, 2, 89), (446, 11, 84),
(447, 2, 88), (447, 1, 83), (447, 3, 79),
(448, 1, 92), (448, 6, 86), (448, 11, 81),
(449, 11, 93), (449, 1, 88), (449, 3, 84),
(450, 1, 95), (450, 2, 90), (450, 11, 85),
(451, 3, 88), (451, 1, 82), (451, 6, 78),
(452, 1, 94), (452, 3, 87), (452, 11, 82),
(453, 11, 91), (453, 1, 85), (453, 3, 80),
(454, 1, 97), (454, 2, 91), (454, 11, 86),
(455, 2, 89), (455, 1, 84), (455, 6, 79),
(456, 1, 93), (456, 3, 89), (456, 11, 84),
(457, 3, 91), (457, 1, 86), (457, 11, 81),
(458, 1, 95), (458, 11, 89), (458, 2, 83),
(459, 11, 92), (459, 1, 87), (459, 3, 82),
(460, 1, 94), (460, 6, 88), (460, 11, 83),
(461, 3, 90), (461, 1, 84), (461, 11, 79),
(462, 1, 96), (462, 3, 91), (462, 11, 86),
(463, 2, 88), (463, 1, 82), (463, 6, 78),
(464, 1, 92), (464, 11, 85), (464, 3, 80),
(465, 11, 93), (465, 1, 87), (465, 2, 83),
(466, 1, 94), (466, 3, 89), (466, 11, 84),
(467, 3, 92), (467, 1, 88), (467, 11, 85),
(468, 1, 95), (468, 6, 90), (468, 2, 82),
(469, 11, 91), (469, 1, 85), (469, 3, 80),
(470, 1, 93), (470, 2, 89), (470, 11, 84),
(471, 3, 88), (471, 1, 83), (471, 6, 79),
(472, 1, 97), (472, 11, 90), (472, 3, 85),
(473, 11, 92), (473, 1, 87), (473, 3, 82),
(474, 1, 94), (474, 6, 89), (474, 2, 84),
(475, 2, 88), (475, 1, 84), (475, 11, 80),
(476, 1, 92), (476, 3, 86), (476, 11, 81),
(477, 3, 91), (477, 1, 85), (477, 6, 82),
(478, 1, 95), (478, 11, 89), (478, 2, 83),
(479, 11, 90), (479, 1, 83), (479, 3, 79),
(480, 1, 94), (480, 6, 88), (480, 11, 82),
(481, 3, 92), (481, 1, 87), (481, 11, 85),
(482, 1, 96), (482, 2, 90), (482, 11, 86),
(483, 2, 88), (483, 1, 82), (483, 3, 78),
(484, 1, 93), (484, 11, 88), (484, 6, 81),
(485, 11, 91), (485, 1, 84), (485, 3, 80),
(486, 1, 94), (486, 3, 89), (486, 11, 85),
(487, 3, 91), (487, 1, 86), (487, 11, 82),
(488, 1, 95), (488, 2, 89), (488, 11, 84),
(489, 2, 88), (489, 1, 83), (489, 6, 79),
(490, 1, 97), (490, 11, 90), (490, 3, 85),
(491, 11, 92), (491, 1, 87), (491, 3, 82),
(492, 1, 93), (492, 6, 89), (492, 2, 81),
(493, 2, 87), (493, 1, 82), (493, 3, 78),
(494, 1, 95), (494, 3, 90), (494, 11, 84),
(495, 3, 88), (495, 1, 84), (495, 11, 80),
(496, 1, 92), (496, 11, 87), (496, 3, 82),
(497, 11, 91), (497, 1, 85), (497, 2, 81),
(498, 1, 94), (498, 6, 89), (498, 11, 83),
(499, 3, 90), (499, 1, 84), (499, 11, 79),
(500, 1, 96), (500, 2, 90), (500, 11, 86),
(501, 2, 88), (501, 1, 83), (501, 6, 79),
(502, 1, 93), (502, 3, 89), (502, 11, 83),
(503, 11, 92), (503, 1, 87), (503, 3, 82),
(504, 1, 95), (504, 2, 89), (504, 11, 84),
(505, 3, 88), (505, 1, 83), (505, 11, 79),
(506, 1, 94), (506, 6, 90), (506, 11, 82),
(507, 11, 91), (507, 1, 85), (507, 3, 81),
(508, 1, 96), (508, 2, 89), (508, 11, 84),
(509, 2, 88), (509, 1, 83), (509, 6, 78),
(510, 1, 93), (510, 3, 87), (510, 11, 81),
(511, 11, 90), (511, 1, 86), (511, 3, 80),
(512, 1, 95), (512, 2, 89), (512, 11, 84),
(513, 3, 88), (513, 1, 83), (513, 11, 80),
(514, 1, 97), (514, 6, 90), (514, 11, 85),
(515, 11, 92), (515, 1, 86), (515, 3, 82),
(516, 1, 93), (516, 2, 88), (516, 11, 81),
(517, 3, 90), (517, 1, 85), (517, 6, 80),
(518, 1, 94), (518, 11, 89), (518, 3, 83),
(519, 2, 88), (519, 1, 84), (519, 11, 79),
(520, 1, 92), (520, 3, 86), (520, 11, 81),
(521, 11, 91), (521, 1, 87), (521, 2, 83),
(522, 1, 96), (522, 2, 90), (522, 11, 84),
(523, 3, 88), (523, 1, 83), (523, 11, 80),
(524, 1, 93), (524, 6, 89), (524, 11, 82),
(525, 11, 92), (525, 1, 86), (525, 3, 81),
(526, 1, 95), (526, 2, 88), (526, 11, 85),
(527, 3, 90), (527, 1, 84), (527, 11, 81),
(528, 1, 94), (528, 11, 89), (528, 2, 83),
(529, 2, 87), (529, 1, 82), (529, 3, 79),
(530, 1, 97), (530, 6, 91), (530, 11, 86),
(531, 11, 90), (531, 1, 85), (531, 3, 80),
(532, 1, 92), (532, 2, 86), (532, 11, 82),
(533, 3, 91), (533, 1, 88), (533, 11, 83),
(534, 1, 95), (534, 6, 89), (534, 2, 85),
(535, 2, 88), (535, 1, 83), (535, 11, 80),
(536, 1, 93), (536, 3, 87), (536, 11, 82),
(537, 11, 91), (537, 1, 86), (537, 3, 81),
(538, 1, 96), (538, 2, 90), (538, 11, 84),
(539, 3, 88), (539, 1, 82), (539, 11, 78),
(540, 1, 94), (540, 6, 88), (540, 11, 83),
(541, 11, 92), (541, 1, 87), (541, 3, 81),
(542, 1, 95), (542, 2, 89), (542, 11, 84),
(543, 3, 91), (543, 1, 85), (543, 11, 80),
(544, 1, 96), (544, 3, 90), (544, 6, 85),
(545, 11, 93), (545, 1, 88), (545, 2, 82),
(546, 2, 87), (546, 1, 82), (546, 3, 79),
(547, 1, 93), (547, 6, 89), (547, 11, 83),
(548, 11, 92), (548, 1, 87), (548, 3, 82),
(549, 1, 94), (549, 2, 89), (549, 11, 84),
(550, 3, 88), (550, 1, 83), (550, 6, 79),
(551, 1, 97), (551, 11, 90), (551, 3, 85),
(552, 11, 91), (552, 1, 86), (552, 2, 81),
(553, 1, 95), (553, 3, 89), (553, 11, 84),
(554, 2, 88), (554, 1, 84), (554, 11, 80),
(555, 1, 92), (555, 6, 87), (555, 3, 81),
(556, 3, 91), (556, 1, 85), (556, 11, 82),
(557, 11, 93), (557, 1, 88), (557, 2, 83),
(558, 1, 96), (558, 2, 90), (558, 11, 85),
(559, 2, 88), (559, 1, 82), (559, 3, 78),
(560, 1, 94), (560, 3, 89), (560, 11, 83),
(561, 11, 92), (561, 1, 86), (561, 6, 81),
(562, 1, 95), (562, 3, 90), (562, 2, 85),
(563, 3, 88), (563, 1, 83), (563, 11, 79),
(564, 1, 97), (564, 11, 90), (564, 6, 85),
(565, 11, 91), (565, 1, 85), (565, 3, 82),
(566, 1, 94), (566, 3, 88), (566, 11, 84),
(567, 3, 91), (567, 1, 87), (567, 2, 81),
(568, 1, 93), (568, 2, 89), (568, 11, 80),
(569, 2, 88), (569, 1, 83), (569, 3, 78),
(570, 1, 95), (570, 6, 88), (570, 11, 82),
(571, 11, 92), (571, 1, 87), (571, 3, 84),
(572, 1, 96), (572, 2, 90), (572, 11, 86),
(573, 3, 88), (573, 1, 82), (573, 6, 79),
(574, 1, 92), (574, 3, 86), (574, 11, 81),
(575, 11, 91), (575, 1, 85), (575, 2, 80),
(576, 1, 94), (576, 6, 89), (576, 11, 83),
(577, 3, 90), (577, 1, 84), (577, 11, 79),
(578, 1, 97), (578, 2, 91), (578, 11, 85),
(579, 2, 88), (579, 1, 82), (579, 3, 77),
(580, 1, 93), (580, 11, 88), (580, 3, 83),
(581, 11, 92), (581, 1, 87), (581, 2, 81),
(582, 1, 95), (582, 3, 89), (582, 11, 84),
(583, 3, 88), (583, 1, 83), (583, 11, 80),
(584, 1, 96), (584, 11, 90), (584, 6, 85),
(585, 11, 91), (585, 1, 85), (585, 3, 82),
(586, 1, 92), (586, 3, 86), (586, 11, 82),
(587, 3, 90), (587, 1, 87), (587, 11, 83),
(588, 1, 94), (588, 2, 89), (588, 11, 85),
(589, 2, 88), (589, 1, 82), (589, 3, 78),
(590, 1, 97), (590, 6, 91), (590, 11, 86),
(591, 11, 93), (591, 1, 88), (591, 3, 81),
(592, 1, 95), (592, 3, 90), (592, 11, 84),
(593, 3, 88), (593, 1, 84), (593, 11, 80),
(594, 1, 92), (594, 2, 86), (594, 11, 82),
(595, 11, 91), (595, 1, 87), (595, 3, 82),
(596, 1, 94), (596, 6, 89), (596, 11, 83),
(597, 3, 91), (597, 1, 85), (597, 11, 81),
(598, 1, 96), (598, 2, 90), (598, 11, 85),
(599, 2, 88), (599, 1, 82), (599, 3, 78),
(600, 1, 95), (600, 3, 89), (600, 11, 82),
(601, 3, 88), (601, 1, 83), (601, 11, 80),
(602, 1, 92), (602, 6, 87), (602, 11, 81),
(603, 11, 91), (603, 1, 85), (603, 3, 79),
(604, 1, 93), (604, 2, 89), (604, 11, 84),
(605, 2, 88), (605, 1, 82), (605, 6, 80),
(606, 1, 96), (606, 3, 90), (606, 11, 85),
(607, 3, 92), (607, 1, 87), (607, 11, 82),
(608, 1, 94), (608, 11, 88), (608, 2, 83),
(609, 11, 95), (609, 1, 88), (609, 3, 84),
(610, 1, 97), (610, 6, 90), (610, 2, 86),
(611, 2, 88), (611, 1, 84), (611, 3, 78),
(612, 1, 93), (612, 3, 89), (612, 11, 83),
(613, 11, 92), (613, 1, 87), (613, 2, 81),
(614, 1, 95), (614, 3, 89), (614, 11, 84),
(615, 3, 88), (615, 1, 83), (615, 11, 80),
(616, 1, 94), (616, 6, 90), (616, 11, 81),
(617, 11, 91), (617, 1, 86), (617, 3, 79),
(618, 1, 96), (618, 2, 89), (618, 11, 85),
(619, 2, 88), (619, 1, 83), (619, 6, 79),
(620, 1, 93), (620, 11, 87), (620, 3, 81),
(621, 3, 90), (621, 1, 85), (621, 11, 82),
(622, 1, 92), (622, 6, 86), (622, 11, 83),
(623, 11, 94), (623, 1, 87), (623, 3, 84),
(624, 1, 97), (624, 3, 91), (624, 2, 85),
(625, 2, 88), (625, 1, 84), (625, 11, 80),
(626, 1, 94), (626, 6, 89), (626, 3, 82),
(627, 11, 91), (627, 1, 85), (627, 3, 81),
(628, 1, 96), (628, 2, 89), (628, 11, 84),
(629, 2, 88), (629, 1, 83), (629, 6, 79),
(630, 1, 92), (630, 11, 86), (630, 3, 80),
(631, 3, 91), (631, 1, 87), (631, 11, 83),
(632, 1, 95), (632, 3, 90), (632, 2, 84),
(633, 11, 92), (633, 1, 86), (633, 3, 81),
(634, 1, 93), (634, 6, 89), (634, 11, 85),
(635, 3, 88), (635, 1, 82), (635, 2, 78),
(636, 1, 97), (636, 11, 90), (636, 3, 84),
(637, 11, 91), (637, 1, 85), (637, 2, 81),
(638, 1, 94), (638, 3, 88), (638, 11, 82),
(639, 3, 91), (639, 1, 86), (639, 11, 83),
(640, 1, 95), (640, 6, 89), (640, 2, 85),
(641, 2, 88), (641, 1, 83), (641, 3, 80),
(642, 1, 92), (642, 11, 87), (642, 3, 81),
(643, 11, 90), (643, 1, 85), (643, 6, 79),
(644, 1, 93), (644, 3, 89), (644, 11, 82),
(645, 3, 88), (645, 1, 82), (645, 2, 78),
(646, 1, 94), (646, 6, 88), (646, 11, 83),
(647, 11, 92), (647, 1, 87), (647, 3, 82),
(648, 1, 96), (648, 3, 91), (648, 11, 85),
(649, 3, 90), (649, 1, 84), (649, 11, 81),
(650, 1, 95), (650, 2, 89), (650, 11, 82),
(651, 2, 88), (651, 1, 83), (651, 6, 79),
(652, 1, 92), (652, 11, 86), (652, 3, 80),
(653, 11, 91), (653, 1, 84), (653, 3, 81),
(654, 1, 93), (654, 3, 89), (654, 11, 84),
(655, 3, 92), (655, 1, 88), (655, 11, 85),
(656, 1, 97), (656, 6, 90), (656, 2, 86),
(657, 2, 88), (657, 1, 84), (657, 3, 79),
(658, 1, 94), (658, 3, 87), (658, 11, 82),
(659, 11, 91), (659, 1, 86), (659, 2, 81),
(660, 1, 96), (660, 3, 90), (660, 11, 84),
(661, 3, 88), (661, 1, 82), (661, 6, 78),
(662, 1, 95), (662, 11, 89), (662, 3, 83),
(663, 11, 92), (663, 1, 87), (663, 2, 80),
(664, 1, 93), (664, 6, 89), (664, 3, 81),
(665, 3, 90), (665, 1, 85), (665, 11, 82),
(666, 1, 97), (666, 2, 90), (666, 11, 84),
(667, 2, 88), (667, 1, 82), (667, 3, 79),
(668, 1, 92), (668, 3, 87), (668, 11, 81),
(669, 11, 91), (669, 1, 86), (669, 2, 80),
(670, 1, 94), (670, 6, 89), (670, 3, 83),
(671, 3, 88), (671, 1, 84), (671, 11, 79),
(672, 1, 95), (672, 11, 90), (672, 2, 84),
(673, 11, 92), (673, 1, 88), (673, 3, 82),
(674, 1, 93), (674, 3, 89), (674, 11, 81),
(675, 3, 91), (675, 1, 85), (675, 6, 79),
(676, 1, 96), (676, 2, 89), (676, 11, 85),
(677, 2, 88), (677, 1, 84), (677, 3, 78),
(678, 1, 92), (678, 6, 87), (678, 11, 82),
(679, 11, 91), (679, 1, 86), (679, 3, 80),
(680, 1, 94), (680, 3, 88), (680, 11, 84),
(681, 3, 90), (681, 1, 87), (681, 11, 81),
(682, 1, 95), (682, 2, 89), (682, 11, 82),
(683, 2, 88), (683, 1, 82), (683, 3, 79),
(684, 1, 97), (684, 11, 90), (684, 6, 85),
(685, 11, 92), (685, 1, 87), (685, 3, 82),
(686, 1, 93), (686, 3, 89), (686, 11, 83),
(687, 3, 88), (687, 1, 84), (687, 11, 80),
(688, 1, 92), (688, 6, 87), (688, 2, 81),
(689, 11, 91), (689, 1, 85), (689, 3, 80),
(690, 1, 94), (690, 3, 89), (690, 11, 83),
(691, 3, 91), (691, 1, 87), (691, 11, 84),
(692, 1, 96), (692, 2, 90), (692, 11, 85),
(693, 2, 88), (693, 1, 82), (693, 6, 78),
(694, 1, 95), (694, 11, 88), (694, 3, 84),
(695, 11, 92), (695, 1, 86), (695, 3, 81),
(696, 1, 93), (696, 6, 89), (696, 11, 82),
(697, 3, 90), (697, 1, 85), (697, 11, 81),
(698, 1, 94), (698, 2, 89), (698, 11, 84),
(699, 2, 88), (699, 1, 84), (699, 6, 80),
(700, 1, 92), (700, 3, 86), (700, 11, 81),
(701, 11, 91), (701, 1, 86), (701, 2, 82),
(702, 1, 96), (702, 3, 89), (702, 11, 84),
(703, 3, 88), (703, 1, 82), (703, 6, 78),
(704, 1, 94), (704, 11, 89), (704, 3, 83),
(705, 11, 92), (705, 1, 87), (705, 2, 80),
(706, 1, 97), (706, 6, 90), (706, 11, 85),
(707, 2, 88), (707, 1, 83), (707, 3, 79),
(708, 1, 93), (708, 3, 87), (708, 11, 81),
(709, 3, 91), (709, 1, 84), (709, 11, 82),
(710, 1, 95), (710, 2, 89), (710, 11, 84),
(711, 11, 90), (711, 1, 83), (711, 3, 80),
(712, 1, 92), (712, 6, 87), (712, 11, 82),
(713, 3, 88), (713, 1, 86), (713, 11, 81),
(714, 1, 96), (714, 2, 90), (714, 11, 85),
(715, 2, 88), (715, 1, 82), (715, 3, 78),
(716, 1, 93), (716, 3, 89), (716, 11, 82),
(717, 11, 92), (717, 1, 86), (717, 6, 80),
(718, 1, 95), (718, 11, 88), (718, 3, 83),
(719, 11, 91), (719, 1, 85), (719, 2, 81),
(720, 1, 94), (720, 3, 87), (720, 11, 84),
(721, 3, 90), (721, 1, 86), (721, 11, 81),
(722, 1, 97), (722, 6, 91), (722, 2, 86),
(723, 2, 88), (723, 1, 82), (723, 3, 78),
(724, 1, 92), (724, 11, 87), (724, 6, 82),
(725, 11, 93), (725, 1, 88), (725, 3, 83),
(726, 1, 95), (726, 3, 89), (726, 11, 85),
(727, 3, 88), (727, 1, 84), (727, 11, 80),
(728, 1, 96), (728, 2, 90), (728, 11, 84),
(729, 2, 88), (729, 1, 82), (729, 3, 79),
(730, 1, 94), (730, 6, 89), (730, 11, 81),
(731, 11, 92), (731, 1, 85), (731, 3, 82),
(732, 1, 95), (732, 3, 90), (732, 11, 84),
(733, 3, 88), (733, 1, 83), (733, 6, 79),
(734, 1, 92), (734, 11, 86), (734, 3, 80),
(735, 11, 91), (735, 1, 87), (735, 2, 83),
(736, 1, 94), (736, 3, 89), (736, 11, 85),
(737, 3, 91), (737, 1, 88), (737, 11, 82),
(738, 1, 96), (738, 6, 90), (738, 2, 84),
(739, 2, 88), (739, 1, 82), (739, 3, 78),
(740, 1, 95), (740, 11, 89), (740, 3, 84),
(741, 11, 92), (741, 1, 86), (741, 6, 81),
(742, 1, 93), (742, 3, 87), (742, 11, 82),
(743, 3, 90), (743, 1, 85), (743, 11, 80),
(744, 1, 94), (744, 2, 89), (744, 11, 85),
(745, 2, 88), (745, 1, 84), (745, 3, 79),
(746, 1, 97), (746, 6, 91), (746, 11, 86),
(747, 11, 91), (747, 1, 87), (747, 3, 80),
(748, 1, 93), (748, 3, 88), (748, 11, 82),
(749, 3, 92), (749, 1, 86), (749, 2, 81),
(750, 1, 95), (750, 11, 90), (750, 3, 84),
(751, 2, 88), (751, 1, 83), (751, 11, 80),
(752, 1, 94), (752, 3, 89), (752, 11, 82),
(753, 11, 92), (753, 1, 85), (753, 2, 81),
(754, 1, 96), (754, 6, 89), (754, 3, 84),
(755, 3, 88), (755, 1, 84), (755, 11, 80),
(756, 1, 93), (756, 11, 86), (756, 2, 81),
(757, 11, 91), (757, 1, 87), (757, 3, 82),
(758, 1, 95), (758, 3, 90), (758, 11, 84),
(759, 3, 88), (759, 1, 82), (759, 6, 78),
(760, 1, 97), (760, 6, 90), (760, 11, 85),
(761, 11, 92), (761, 1, 86), (761, 3, 81),
(762, 1, 94), (762, 2, 89), (762, 11, 83),
(763, 2, 88), (763, 1, 83), (763, 6, 79),
(764, 1, 92), (764, 3, 87), (764, 11, 80),
(765, 3, 91), (765, 1, 85), (765, 11, 82),
(766, 1, 95), (766, 11, 89), (766, 2, 84),
(767, 2, 88), (767, 1, 84), (767, 3, 79),
(768, 1, 93), (768, 6, 88), (768, 11, 81),
(769, 11, 91), (769, 1, 87), (769, 3, 82),
(770, 1, 96), (770, 3, 90), (770, 11, 85),
(771, 3, 88), (771, 1, 83), (771, 11, 80),
(772, 1, 94), (772, 11, 89), (772, 6, 84),
(773, 11, 92), (773, 1, 86), (773, 3, 81),
(774, 1, 97), (774, 2, 90), (774, 11, 83),
(775, 2, 88), (775, 1, 82), (775, 3, 78),
(776, 1, 93), (776, 3, 89), (776, 11, 82),
(777, 3, 91), (777, 1, 87), (777, 11, 81),
(778, 1, 96), (778, 6, 90), (778, 2, 84),
(779, 11, 94), (779, 1, 85), (779, 3, 82),
(780, 1, 95), (780, 2, 89), (780, 11, 85),
(781, 2, 88), (781, 1, 84), (781, 3, 79),
(782, 1, 92), (782, 11, 86), (782, 3, 80),
(783, 11, 91), (783, 1, 87), (783, 6, 81),
(784, 1, 94), (784, 3, 88), (784, 11, 83),
(785, 3, 90), (785, 1, 85), (785, 11, 81),
(786, 1, 97), (786, 2, 91), (786, 11, 84),
(787, 2, 88), (787, 1, 82), (787, 6, 78),
(788, 1, 93), (788, 3, 89), (788, 11, 82),
(789, 11, 92), (789, 1, 87), (789, 3, 81),
(790, 1, 95), (790, 6, 90), (790, 11, 84),
(791, 3, 88), (791, 1, 84), (791, 11, 80),
(792, 1, 96), (792, 2, 89), (792, 11, 83),
(793, 2, 88), (793, 1, 83), (793, 3, 79),
(794, 1, 94), (794, 3, 87), (794, 11, 81),
(795, 3, 91), (795, 1, 86), (795, 11, 82),
(796, 1, 95), (796, 11, 89), (796, 2, 83),
(797, 11, 92), (797, 1, 87), (797, 3, 82),
(798, 1, 93), (798, 6, 88), (798, 11, 84),
(799, 3, 88), (799, 1, 83), (799, 6, 78),
(800, 1, 92), (800, 11, 86), (800, 3, 80),
(801, 11, 91), (801, 1, 87), (801, 2, 82),
(802, 1, 94), (802, 3, 89), (802, 11, 84),
(803, 3, 90), (803, 1, 84), (803, 11, 81),
(804, 1, 97), (804, 2, 90), (804, 11, 85),
(805, 2, 88), (805, 1, 84), (805, 3, 78),
(806, 1, 93), (806, 6, 89), (806, 11, 82),
(807, 11, 92), (807, 1, 86), (807, 3, 80),
(808, 1, 95), (808, 3, 89), (808, 11, 84),
(809, 3, 88), (809, 1, 83), (809, 6, 79),
(810, 1, 92), (810, 11, 87), (810, 3, 81),
(811, 11, 91), (811, 1, 85), (811, 2, 80),
(812, 1, 94), (812, 3, 90), (812, 11, 83),
(813, 3, 88), (813, 1, 83), (813, 11, 79),
(814, 1, 97), (814, 6, 91), (814, 11, 86),
(815, 11, 92), (815, 1, 86), (815, 3, 82),
(816, 1, 93), (816, 2, 89), (816, 11, 84),
(817, 2, 88), (817, 1, 83), (817, 3, 80),
(818, 1, 94), (818, 3, 87), (818, 11, 82),
(819, 3, 91), (819, 1, 85), (819, 11, 81),
(820, 1, 96), (820, 6, 89), (820, 2, 85),
(821, 2, 88), (821, 1, 83), (821, 11, 80),
(822, 1, 92), (822, 11, 87), (822, 3, 82),
(823, 11, 91), (823, 1, 85), (823, 2, 79),
(824, 1, 95), (824, 3, 89), (824, 11, 84),
(825, 3, 88), (825, 1, 84), (825, 6, 81),
(826, 1, 94), (826, 11, 90), (826, 2, 83),
(827, 11, 92), (827, 1, 87), (827, 3, 82),
(828, 1, 96), (828, 3, 91), (828, 11, 85),
(829, 3, 90), (829, 1, 85), (829, 2, 80),
(830, 1, 93), (830, 11, 88), (830, 6, 81),
(831, 2, 88), (831, 1, 83), (831, 3, 79),
(832, 1, 92), (832, 3, 86), (832, 11, 81),
(833, 11, 91), (833, 1, 86), (833, 2, 82),
(834, 1, 94), (834, 6, 89), (834, 11, 84),
(835, 3, 88), (835, 1, 83), (835, 11, 79),
(836, 1, 97), (836, 11, 90), (836, 3, 85),
(837, 11, 92), (837, 1, 87), (837, 6, 82),
(838, 1, 95), (838, 2, 89), (838, 3, 83),
(839, 2, 88), (839, 1, 83), (839, 3, 80),
(840, 1, 93), (840, 3, 87), (840, 11, 81),
(841, 3, 91), (841, 1, 85), (841, 11, 82),
(842, 1, 96), (842, 11, 89), (842, 2, 84),
(843, 2, 88), (843, 1, 84), (843, 3, 80),
(844, 1, 94), (844, 6, 88), (844, 11, 83),
(845, 11, 91), (845, 1, 87), (845, 3, 82),
(846, 1, 95), (846, 3, 90), (846, 11, 85),
(847, 3, 88), (847, 1, 84), (847, 11, 79),
(848, 1, 92), (848, 11, 87), (848, 3, 80),
(849, 11, 93), (849, 1, 85), (849, 6, 82),
(850, 1, 97), (850, 3, 89), (850, 2, 84),
(851, 2, 88), (851, 1, 83), (851, 3, 79),
(852, 1, 94), (852, 11, 90), (852, 3, 83),
(853, 11, 92), (853, 1, 86), (853, 2, 80),
(854, 1, 93), (854, 3, 88), (854, 11, 81),
(855, 3, 91), (855, 1, 87), (855, 6, 82),
(856, 1, 95), (856, 11, 89), (856, 2, 85),
(857, 2, 88), (857, 1, 84), (857, 11, 80),
(858, 1, 92), (858, 6, 86), (858, 3, 81),
(859, 11, 91), (859, 1, 85), (859, 3, 82),
(860, 1, 96), (860, 3, 89), (860, 11, 84),
(861, 3, 88), (861, 1, 82), (861, 2, 78),
(862, 1, 95), (862, 11, 90), (862, 3, 83),
(863, 11, 92), (863, 1, 87), (863, 6, 80),
(864, 1, 94), (864, 2, 89), (864, 11, 82),
(865, 2, 88), (865, 1, 83), (865, 3, 79),
(866, 1, 93), (866, 6, 88), (866, 11, 81),
(867, 11, 91), (867, 1, 84), (867, 3, 80),
(868, 1, 97), (868, 3, 89), (868, 11, 83),
(869, 3, 88), (869, 1, 84), (869, 11, 79),
(870, 1, 94), (870, 11, 87), (870, 3, 82),
(871, 11, 92), (871, 1, 87), (871, 2, 81),
(872, 1, 96), (872, 3, 91), (872, 11, 85),
(873, 2, 88), (873, 1, 82), (873, 3, 78),
(874, 1, 92), (874, 6, 87), (874, 11, 80),
(875, 11, 93), (875, 1, 85), (875, 3, 81),
(876, 1, 95), (876, 3, 89), (876, 2, 82),
(877, 2, 88), (877, 1, 84), (877, 11, 79),
(878, 1, 93), (878, 11, 86), (878, 3, 80),
(879, 11, 91), (879, 1, 87), (879, 6, 82),
(880, 1, 97), (880, 3, 89), (880, 11, 84),
(881, 3, 90), (881, 1, 84), (881, 11, 81),
(882, 1, 95), (882, 2, 89), (882, 11, 82),
(883, 2, 88), (883, 1, 83), (883, 6, 78),
(884, 1, 94), (884, 11, 89), (884, 3, 83),
(885, 11, 92), (885, 1, 87), (885, 2, 81),
(886, 1, 93), (886, 3, 88), (886, 11, 82),
(887, 3, 91), (887, 1, 85), (887, 11, 80),
(888, 1, 96), (888, 6, 90), (888, 2, 84),
(889, 2, 88), (889, 1, 82), (889, 3, 78),
(890, 1, 95), (890, 3, 89), (890, 11, 83),
(891, 11, 91), (891, 1, 85), (891, 6, 80),
(892, 1, 94), (892, 2, 89), (892, 11, 81),
(893, 2, 88), (893, 1, 84), (893, 3, 79),
(894, 1, 97), (894, 11, 90), (894, 3, 84),
(895, 3, 88), (895, 1, 84), (895, 11, 79),
(896, 1, 92), (896, 11, 86), (896, 3, 80),
(897, 11, 93), (897, 1, 87), (897, 2, 82),
(898, 1, 96), (898, 3, 90), (898, 11, 85),
(899, 2, 88), (899, 1, 82), (899, 3, 78),
(900, 1, 93), (900, 6, 88), (900, 11, 83),
(901, 11, 91), (901, 1, 86), (901, 3, 81),
(902, 1, 95), (902, 3, 89), (902, 11, 84),
(903, 3, 88), (903, 1, 83), (903, 11, 79),
(904, 1, 94), (904, 11, 87), (904, 6, 82),
(905, 11, 92), (905, 1, 85), (905, 3, 80),
(906, 1, 96), (906, 2, 90), (906, 11, 82),
(907, 2, 88), (907, 1, 84), (907, 3, 79),
(908, 1, 92), (908, 6, 87), (908, 11, 81),
(909, 3, 91), (909, 1, 85), (909, 11, 82),
(910, 1, 95), (910, 11, 89), (910, 2, 83),
(911, 2, 88), (911, 1, 82), (911, 3, 78),
(912, 1, 94), (912, 11, 90), (912, 3, 84),
(913, 11, 91), (913, 1, 84), (913, 3, 80),
(914, 1, 97), (914, 3, 89), (914, 6, 85),
(915, 3, 88), (915, 1, 83), (915, 11, 81),
(916, 1, 93), (916, 2, 89), (916, 11, 82),
(917, 2, 88), (917, 1, 84), (917, 6, 79),
(918, 1, 95), (918, 11, 88), (918, 3, 80),
(919, 11, 92), (919, 1, 87), (919, 2, 81),
(920, 1, 94), (920, 3, 90), (920, 11, 84),
(921, 3, 88), (921, 1, 84), (921, 11, 80),
(922, 1, 96), (922, 6, 89), (922, 11, 83),
(923, 11, 91), (923, 1, 86), (923, 3, 81),
(924, 1, 92), (924, 3, 87), (924, 11, 82),
(925, 3, 90), (925, 1, 85), (925, 11, 81),
(926, 1, 94), (926, 2, 89), (926, 11, 85),
(927, 2, 88), (927, 1, 83), (927, 3, 80),
(928, 1, 95), (928, 6, 88), (928, 11, 82),
(929, 11, 92), (929, 1, 87), (929, 3, 82),
(930, 1, 97), (930, 3, 91), (930, 11, 85),
(931, 3, 88), (931, 1, 84), (931, 11, 80),
(932, 1, 93), (932, 2, 89), (932, 11, 84),
(933, 11, 91), (933, 1, 85), (933, 6, 82),
(934, 1, 94), (934, 3, 89), (934, 11, 83),
(935, 2, 88), (935, 1, 83), (935, 3, 79),
(936, 1, 92), (936, 11, 87), (936, 3, 81),
(937, 3, 90), (937, 1, 85), (937, 11, 82),
(938, 1, 95), (938, 6, 89), (938, 11, 84),
(939, 2, 88), (939, 1, 84), (939, 3, 79),
(940, 1, 93), (940, 3, 88), (940, 11, 81),
(941, 11, 91), (941, 1, 87), (941, 2, 82),
(942, 1, 94), (942, 3, 89), (942, 11, 84),
(943, 3, 92), (943, 1, 86), (943, 11, 80),
(944, 1, 96), (944, 2, 90), (944, 11, 82),
(945, 2, 88), (945, 1, 83), (945, 3, 78),
(946, 1, 95), (946, 11, 90), (946, 3, 84),
(947, 11, 92), (947, 1, 85), (947, 6, 80),
(948, 1, 94), (948, 3, 88), (948, 11, 82),
(949, 3, 91), (949, 1, 87), (949, 2, 81),
(950, 1, 97), (950, 11, 89), (950, 3, 85),
(951, 2, 88), (951, 1, 84), (951, 11, 79),
(952, 1, 93), (952, 6, 88), (952, 3, 82),
(953, 11, 91), (953, 1, 86), (953, 3, 80),
(954, 1, 95), (954, 3, 89), (954, 11, 84),
(955, 3, 88), (955, 1, 83), (955, 11, 81),
(956, 1, 92), (956, 11, 87), (956, 2, 80),
(957, 11, 91), (957, 1, 85), (957, 3, 82),
(958, 1, 94), (958, 3, 90), (958, 11, 83),
(959, 2, 88), (959, 1, 84), (959, 11, 79),
(960, 1, 97), (960, 6, 91), (960, 11, 85),
(961, 11, 92), (961, 1, 86), (961, 3, 82),
(962, 1, 93), (962, 2, 89), (962, 11, 81),
(963, 2, 88), (963, 1, 82), (963, 6, 79),
(964, 1, 95), (964, 11, 88), (964, 3, 80),
(965, 3, 90), (965, 1, 87), (965, 11, 83),
(966, 1, 96), (966, 11, 89), (966, 3, 82),
(967, 3, 88), (967, 1, 84), (967, 11, 79),
(968, 1, 92), (968, 6, 86), (968, 3, 80),
(969, 11, 91), (969, 1, 85), (969, 2, 81),
(970, 1, 94), (970, 3, 89), (970, 11, 84),
(971, 3, 91), (971, 1, 86), (971, 11, 82),
(972, 1, 95), (972, 11, 90), (972, 2, 83),
(973, 2, 88), (973, 1, 83), (973, 6, 78),
(974, 1, 97), (974, 3, 89), (974, 11, 85),
(975, 11, 92), (975, 1, 87), (975, 3, 82),
(976, 1, 94), (976, 6, 88), (976, 2, 80),
(977, 11, 91), (977, 1, 85), (977, 3, 81),
(978, 1, 93), (978, 3, 89), (978, 11, 84),
(979, 3, 88), (979, 1, 83), (979, 11, 79),
(980, 1, 92), (980, 11, 87), (980, 3, 80),
(981, 11, 93), (981, 1, 86), (981, 6, 82),
(982, 1, 96), (982, 3, 90), (982, 11, 85),
(983, 2, 88), (983, 1, 84), (983, 3, 78),
(984, 1, 95), (984, 6, 89), (984, 11, 82),
(985, 11, 91), (985, 1, 85), (985, 3, 80),
(986, 1, 94), (986, 3, 89), (986, 11, 84),
(987, 3, 88), (987, 1, 82), (987, 2, 78),
(988, 1, 97), (988, 11, 90), (988, 3, 84),
(989, 11, 92), (989, 1, 87), (989, 6, 81),
(990, 1, 93), (990, 3, 88), (990, 11, 83),
(991, 3, 91), (991, 1, 86), (991, 11, 80),
(992, 1, 95), (992, 2, 89), (992, 11, 82),
(993, 2, 88), (993, 1, 84), (993, 6, 79),
(994, 1, 92), (994, 11, 87), (994, 3, 81),
(995, 11, 91), (995, 1, 85), (995, 3, 82),
(996, 1, 94), (996, 3, 89), (996, 11, 84),
(997, 3, 88), (997, 1, 82), (997, 2, 77),
(998, 1, 96), (998, 6, 90), (998, 11, 85),
(999, 11, 92), (999, 1, 86), (999, 3, 80),
(1000, 1, 95), (1000, 2, 89), (1000, 11, 83);



-- Collaborations (10 entries)
INSERT INTO Collaborations (collaborationID, artist1ID, artist2ID, collaborationDate) VALUES
(1, 1, 11, '2024-03-15'), -- Alex Johnson collaborates with Liam Henderson
(2, 1, 3, '2024-04-02'),  -- Alex Johnson collaborates with Marcus Wright
(3, 3, 11, '2024-05-20'), -- Marcus Wright collaborates with Liam Henderson
(4, 1, 6, '2024-06-10'),  -- Alex Johnson collaborates with Olivia Chen (perhaps for a music video)
(5, 11, 2, '2024-07-05'), -- Liam Henderson collaborates with Samantha Lee
(6, 1, 8, '2024-08-12'),  -- Alex Johnson collaborates with Zoe Patel (for a music video)
(7, 3, 2, '2024-09-03'),  -- Marcus Wright collaborates with Samantha Lee
(8, 1, 5, '2024-10-18'),  -- Alex Johnson collaborates with Chris Taylor (for a photoshoot)
(9, 11, 6, '2024-11-22'), -- Liam Henderson collaborates with Olivia Chen
(10, 1, 2, '2024-12-07'); -- Alex Johnson collaborates with Samantha Lee

-- SongAlbums (relationships between songs and albums, including singles)
INSERT INTO SongAlbums (contentID, contentType, associatedContentID, associatedContentType, trackNumber) VALUES
(1, 'Song', 1, 'Album', 1),  -- Midnight Serenade is track 1 on Echoes of Tomorrow
(2, 'Song', 1, 'Album', 2),  -- Echoes of You is track 2 on Echoes of Tomorrow
(3, 'Song', 1, 'Album', 3),  -- Tomorrow's Promise is track 3 on Echoes of Tomorrow
(4, 'Song', 2, 'Album', 1),  -- Acoustic Dreams is track 1 on Acoustic Sessions Vol. 3
(5, 'Song', 2, 'Album', 2),  -- Unplugged Heart is track 2 on Acoustic Sessions Vol. 3
(6, 'Song', 3, 'Album', 1),  -- Summer Nights is track 1 on Summer Anthems
(7, 'Song', 3, 'Album', 2),  -- Beachside Melody is track 2 on Summer Anthems
(8, 'Song', 4, 'Album', 1),  -- City Lights (Live) is track 1 on Live from Madison Square Garden
(9, 'Song', 4, 'Album', 2),  -- Encore (Live) is track 2 on Live from Madison Square Garden
(10, 'Song', 5, 'Album', 1), -- Yesterday's Tomorrow is track 1 on Reimagined Classics
(11, 'Song', 5, 'Album', 2), -- Reimagined Life is track 2 on Reimagined Classics
(12, 'Song', 6, 'Album', 1), -- Neon Dreams is track 1 on New Wave Revolution
(13, 'Song', 6, 'Album', 2), -- Digital Love is track 2 on New Wave Revolution
(14, 'Song', 7, 'Album', 1), -- Whispers in the Dark is track 1 on Unplugged and Intimate
(15, 'Song', 7, 'Album', 2), -- Raw Emotions is track 2 on Unplugged and Intimate
(16, 'Song', 8, 'Album', 1), -- Winter Wonderland is track 1 on Holiday Magic
(17, 'Song', 8, 'Album', 2), -- Holiday Cheer is track 2 on Holiday Magic
(18, 'Song', 9, 'Album', 1), -- First Light is track 1 on Rising Star
(19, 'Song', 9, 'Album', 2), -- Rising Higher is track 2 on Rising Star
(20, 'Song', 10, 'Album', 1); -- Soundscape 1: Genesis is track 1 on Experimental Soundscapes

